"ID";"AardWerkzaamheden";"Gebouwbestemming";"Perioden";"Bouwkosten_1";"Bouwvergunningen_2";"Bouwkosten_3";"Bouwvergunningen_4"
"0";"T001212";"T001032";"2012MM01";"     827";"    1554";"    82.9";"    98.3"
"1";"T001212";"T001032";"2012MM02";"     915";"    1576";"    91.7";"    99.7"
"2";"T001212";"T001032";"2012MM03";"    1183";"    1632";"   118.6";"   103.2"
"3";"T001212";"T001032";"2012MM04";"     940";"    1609";"    94.2";"   101.8"
"4";"T001212";"T001032";"2012MM05";"    1146";"    1924";"   114.9";"   121.7"
"5";"T001212";"T001032";"2012MM06";"    1225";"    1803";"   122.8";"   114.0"
"6";"T001212";"T001032";"2012MM07";"    1271";"    1838";"   127.4";"   116.2"
"7";"T001212";"T001032";"2012MM08";"     868";"    1475";"    87.0";"    93.3"
"8";"T001212";"T001032";"2012MM09";"     827";"    1400";"    82.9";"    88.5"
"9";"T001212";"T001032";"2012MM10";"     970";"    1498";"    97.3";"    94.7"
"10";"T001212";"T001032";"2012MM11";"     909";"    1436";"    91.2";"    90.8"
"11";"T001212";"T001032";"2012MM12";"     887";"    1230";"    88.9";"    77.8"
"12";"T001212";"T001032";"2013MM01";"     666";"    1388";"    66.7";"    87.8"
"13";"T001212";"T001032";"2013MM02";"     852";"    1404";"    85.4";"    88.8"
"14";"T001212";"T001032";"2013MM03";"     717";"    1383";"    71.9";"    87.5"
"15";"T001212";"T001032";"2013MM04";"     897";"    1437";"    89.9";"    90.9"
"16";"T001212";"T001032";"2013MM05";"     947";"    1528";"    94.9";"    96.6"
"17";"T001212";"T001032";"2013MM06";"     835";"    1376";"    83.7";"    87.0"
"18";"T001212";"T001032";"2013MM07";"     792";"    1625";"    79.4";"   102.8"
"19";"T001212";"T001032";"2013MM08";"     699";"    1331";"    70.1";"    84.2"
"20";"T001212";"T001032";"2013MM09";"     833";"    1372";"    83.5";"    86.8"
"21";"T001212";"T001032";"2013MM10";"     898";"    1505";"    90.0";"    95.2"
"22";"T001212";"T001032";"2013MM11";"     789";"    1317";"    79.1";"    83.3"
"23";"T001212";"T001032";"2013MM12";"     823";"    1297";"    82.5";"    82.0"
"24";"T001212";"T001032";"2014MM01";"     847";"    1374";"    85.0";"    86.9"
"25";"T001212";"T001032";"2014MM02";"     860";"    1441";"    86.2";"    91.1"
"26";"T001212";"T001032";"2014MM03";"     823";"    1544";"    82.6";"    97.6"
"27";"T001212";"T001032";"2014MM04";"     872";"    1600";"    87.4";"   101.2"
"28";"T001212";"T001032";"2014MM05";"     771";"    1545";"    77.3";"    97.7"
"29";"T001212";"T001032";"2014MM06";"     867";"    1641";"    86.9";"   103.8"
"30";"T001212";"T001032";"2014MM07";"    1051";"    1887";"   105.4";"   119.4"
"31";"T001212";"T001032";"2014MM08";"     757";"    1306";"    75.9";"    82.6"
"32";"T001212";"T001032";"2014MM09";"    1165";"    1646";"   116.8";"   104.1"
"33";"T001212";"T001032";"2014MM10";"    1101";"    1608";"   110.4";"   101.7"
"34";"T001212";"T001032";"2014MM11";"     880";"    1397";"    88.2";"    88.4"
"35";"T001212";"T001032";"2014MM12";"    1178";"    1596";"   118.1";"   100.9"
"36";"T001212";"T001032";"2015MM01";"     929";"    1658";"    93.1";"   104.9"
"37";"T001212";"T001032";"2015MM02";"    1415";"    2135";"   141.9";"   135.0"
"38";"T001212";"T001032";"2015MM03";"    1397";"    2087";"   140.1";"   132.0"
"39";"T001212";"T001032";"2015MM04";"    1380";"    1773";"   138.4";"   112.2"
"40";"T001212";"T001032";"2015MM05";"    1047";"    1465";"   105.0";"    92.6"
"41";"T001212";"T001032";"2015MM06";"     952";"    1721";"    95.5";"   108.8"
"42";"T001212";"T001032";"2015MM07";"    1055";"    1784";"   105.8";"   112.8"
"43";"T001212";"T001032";"2015MM08";"     838";"    1355";"    84.0";"    85.7"
"44";"T001212";"T001032";"2015MM09";"     988";"    1739";"    99.0";"   110.0"
"45";"T001212";"T001032";"2015MM10";"     953";"    1536";"    95.5";"    97.1"
"46";"T001212";"T001032";"2015MM11";"     868";"    1490";"    87.0";"    94.2"
"47";"T001212";"T001032";"2015MM12";"    1054";"    1717";"   105.6";"   108.6"
"48";"T001212";"T001032";"2016MM01";"     780";"    1492";"    78.2";"    94.3"
"49";"T001212";"T001032";"2016MM02";"     943";"    1803";"    94.5";"   114.0"
"50";"T001212";"T001032";"2016MM03";"    1082";"    1779";"   108.5";"   112.5"
"51";"T001212";"T001032";"2016MM04";"    1165";"    1819";"   116.8";"   115.0"
"52";"T001212";"T001032";"2016MM05";"    1079";"    1820";"   108.2";"   115.1"
"53";"T001212";"T001032";"2016MM06";"    1207";"    2001";"   121.0";"   126.5"
"54";"T001212";"T001032";"2016MM07";"    1069";"    1975";"   107.2";"   124.9"
"55";"T001212";"T001032";"2016MM08";"    1023";"    1694";"   102.6";"   107.1"
"56";"T001212";"T001032";"2016MM09";"    1382";"    1992";"   138.6";"   126.0"
"57";"T001212";"T001032";"2016MM10";"    1121";"    1699";"   112.4";"   107.4"
"58";"T001212";"T001032";"2016MM11";"    1256";"    1951";"   126.0";"   123.4"
"59";"T001212";"T001032";"2016MM12";"    1367";"    1939";"   137.1";"   122.6"
"60";"T001212";"T001032";"2017MM01";"    1000";"    1887";"   100.3";"   119.3"
"61";"T001212";"T001032";"2017MM02";"    1368";"    2066";"   137.2";"   130.7"
"62";"T001212";"T001032";"2017MM03";"    1560";"    2292";"   156.4";"   144.9"
"63";"T001212";"T001032";"2017MM04";"    1348";"    1958";"   135.2";"   123.8"
"64";"T001212";"T001032";"2017MM05";"    1434";"    2352";"   143.8";"   148.7"
"65";"T001212";"T001032";"2017MM06";"    1205";"    2270";"   120.8";"   143.5"
"66";"T001212";"T001032";"2017MM07";"    1826";"    2474";"   183.0";"   156.5"
"67";"T001212";"T001032";"2017MM08";"    1162";"    1991";"   116.5";"   125.9"
"68";"T001212";"T001032";"2017MM09";"    1438";"    2232";"   144.2";"   141.1"
"69";"T001212";"T001032";"2017MM10";"    1703";"    2153";"   170.7";"   136.2"
"70";"T001212";"T001032";"2017MM11";"    1619";"    2149";"   162.3";"   135.9"
"71";"T001212";"T001032";"2017MM12";"    1353";"    1915";"   135.7";"   121.1"
"72";"T001212";"T001032";"2018MM01";"    1160";"    1971";"   116.3";"   124.6"
"73";"T001212";"T001032";"2018MM02";"    1459";"    2108";"   146.3";"   133.3"
"74";"T001212";"T001032";"2018MM03";"    1509";"    2300";"   151.3";"   145.5"
"75";"T001212";"T001032";"2018MM04";"    1483";"    2161";"   148.7";"   136.6"
"76";"T001212";"T001032";"2018MM05";"    1382";"    2199";"   138.5";"   139.0"
"77";"T001212";"T001032";"2018MM06";"    1589";"    2319";"   159.3";"   146.7"
"78";"T001212";"T001032";"2018MM07";"    1723";"    2425";"   172.7";"   153.4"
"79";"T001212";"T001032";"2018MM08";"    1416";"    2023";"   141.9";"   127.9"
"80";"T001212";"T001032";"2018MM09";"    1540";"    2103";"   154.3";"   133.0"
"81";"T001212";"T001032";"2018MM10";"    2159";"    2301";"   216.5";"   145.5"
"82";"T001212";"T001032";"2018MM11";"    1448";"    2028";"   145.2";"   128.2"
"83";"T001212";"T001032";"2018MM12";"    1432";"    1852";"   143.6";"   117.1"
"84";"T001212";"T001032";"2019MM01";"    1238";"    1932";"   124.1";"   122.2"
"85";"T001212";"T001032";"2019MM02";"    1278";"    1878";"   128.1";"   118.7"
"86";"T001212";"T001032";"2019MM03";"    1420";"    1997";"   142.4";"   126.3"
"87";"T001212";"T001032";"2019MM04";"    1482";"    2008";"   148.6";"   127.0"
"88";"T001212";"T001032";"2019MM05";"    1218";"    2146";"   122.1";"   135.7"
"89";"T001212";"T001032";"2019MM06";"    1290";"    2021";"   129.3";"   127.8"
"90";"T001212";"T001032";"2019MM07";"    1885";"    2408";"   189.0";"   152.3"
"91";"T001212";"T001032";"2019MM08";"     963";"    1520";"    96.5";"    96.1"
"92";"T001212";"T001032";"2019MM09";"    1286";"    1829";"   128.9";"   115.7"
"93";"T001212";"T001032";"2019MM10";"    1815";"    1963";"   181.9";"   124.2"
"94";"T001212";"T001032";"2019MM11";"    1690";"    1797";"   169.4";"   113.7"
"95";"T001212";"T001032";"2019MM12";"    1740";"    2003";"   174.4";"   126.6"
"96";"T001212";"T001032";"2020MM01";"    1228";"    1886";"   123.1";"   119.3"
"97";"T001212";"T001032";"2020MM02";"    1472";"    1918";"   147.6";"   121.3"
"98";"T001212";"T001032";"2020MM03";"    1652";"    2265";"   165.6";"   143.2"
"99";"T001212";"T001032";"2020MM04";"    1777";"    2061";"   178.2";"   130.4"
"100";"T001212";"T001032";"2020MM05";"    1372";"    1961";"   137.5";"   124.0"
"101";"T001212";"T001032";"2020MM06";"    1566";"    2137";"   157.0";"   135.1"
"102";"T001212";"T001032";"2020MM07";"    2048";"    2284";"   205.3";"   144.4"
"103";"T001212";"T001032";"2020MM08";"    1178";"    1588";"   118.2";"   100.5"
"104";"T001212";"T001032";"2020MM09";"    1728";"    2098";"   173.2";"   132.7"
"105";"T001212";"T001032";"2020MM10";"    1959";"    2041";"   196.4";"   129.1"
"106";"T001212";"T001032";"2020MM11";"    1700";"    2050";"   170.4";"   129.6"
"107";"T001212";"T001032";"2020MM12";"    1994";"    2308";"   199.9";"   146.0"
"108";"T001212";"T001032";"2021MM01";"    1484";"    2136";"   148.8";"   135.1"
"109";"T001212";"T001032";"2021MM02";"    1714";"    2493";"   171.9";"   157.6"
"110";"T001212";"T001032";"2021MM03";"    2464";"    2872";"   247.0";"   181.6"
"111";"T001212";"T001032";"2021MM04";"    2023";"    2302";"   202.9";"   145.6"
"112";"T001212";"T001032";"2021MM05";"    1763";"    2148";"   176.7";"   135.8"
"113";"T001212";"T001032";"2021MM06";"    1836";"    2454";"   184.1";"   155.2"
"114";"T001212";"T001032";"2021MM07";"    2340";"    2578";"   234.6";"   163.0"
"115";"T001212";"T001032";"2021MM08";"    1284";"    1906";"   128.7";"   120.6"
"116";"T001212";"T001032";"2021MM09";"    1862";"    2310";"   186.6";"   146.1"
"117";"T001212";"T001032";"2021MM10";"    1879";"    2174";"   188.4";"   137.5"
"118";"T001212";"T001032";"2021MM11";"    1989";"    2226";"   199.4";"   140.8"
"119";"T001212";"T001032";"2021MM12";"    2006";"    2318";"   201.2";"   146.6"
"120";"T001212";"T001032";"2022MM01";"    1519";"    1923";"   152.3";"   121.6"
"121";"T001212";"T001032";"2022MM02";"    1449";"    2125";"   145.2";"   134.4"
"122";"T001212";"T001032";"2022MM03";"    2320";"    2425";"   232.6";"   153.3"
"123";"T001212";"T001032";"2022MM04";"    1484";"    2127";"   148.8";"   134.5"
"124";"T001212";"T001032";"2022MM05";"    1893";"    2151";"   189.8";"   136.0"
"125";"T001212";"T001032";"2022MM06";"    2161";"    2457";"   216.7";"   155.4"
"126";"T001212";"T001032";"2022MM07";"    2144";"    2353";"   214.9";"   148.8"
"127";"T001212";"T001032";"2022MM08";"    1386";"    1722";"   139.0";"   108.9"
"128";"T001212";"T001032";"2022MM09";"    1857";"    1998";"   186.2";"   126.3"
"129";"T001212";"T001032";"2022MM10";"    2118";"    1902";"   212.3";"   120.3"
"130";"T001212";"T001032";"2022MM11";"    1796";"    1799";"   180.0";"   113.8"
"131";"T001212";"T001032";"2022MM12";"    1456";"    1751";"   146.0";"   110.7"
"132";"T001212";"A007232";"2012MM01";"     411";"     866";"    83.4";"    98.3"
"133";"T001212";"A007232";"2012MM02";"     539";"     899";"   109.4";"   102.0"
"134";"T001212";"A007232";"2012MM03";"     495";"     912";"   100.4";"   103.5"
"135";"T001212";"A007232";"2012MM04";"     431";"     888";"    87.5";"   100.7"
"136";"T001212";"A007232";"2012MM05";"     614";"    1058";"   124.5";"   120.1"
"137";"T001212";"A007232";"2012MM06";"     598";"    1019";"   121.4";"   115.6"
"138";"T001212";"A007232";"2012MM07";"     665";"     997";"   135.0";"   113.1"
"139";"T001212";"A007232";"2012MM08";"     407";"     805";"    82.5";"    91.4"
"140";"T001212";"A007232";"2012MM09";"     415";"     753";"    84.1";"    85.4"
"141";"T001212";"A007232";"2012MM10";"     523";"     843";"   106.1";"    95.7"
"142";"T001212";"A007232";"2012MM11";"     424";"     847";"    86.0";"    96.1"
"143";"T001212";"A007232";"2012MM12";"     393";"     687";"    79.8";"    78.0"
"144";"T001212";"A007232";"2013MM01";"     314";"     760";"    63.7";"    86.2"
"145";"T001212";"A007232";"2013MM02";"     413";"     807";"    83.8";"    91.5"
"146";"T001212";"A007232";"2013MM03";"     285";"     721";"    57.8";"    81.9"
"147";"T001212";"A007232";"2013MM04";"     405";"     769";"    82.1";"    87.2"
"148";"T001212";"A007232";"2013MM05";"     425";"     842";"    86.2";"    95.5"
"149";"T001212";"A007232";"2013MM06";"     291";"     691";"    59.1";"    78.4"
"150";"T001212";"A007232";"2013MM07";"     361";"     885";"    73.2";"   100.4"
"151";"T001212";"A007232";"2013MM08";"     296";"     706";"    60.1";"    80.2"
"152";"T001212";"A007232";"2013MM09";"     321";"     754";"    65.2";"    85.6"
"153";"T001212";"A007232";"2013MM10";"     475";"     907";"    96.4";"   102.9"
"154";"T001212";"A007232";"2013MM11";"     459";"     774";"    93.2";"    87.9"
"155";"T001212";"A007232";"2013MM12";"     351";"     704";"    71.3";"    79.9"
"156";"T001212";"A007232";"2014MM01";"     410";"     772";"    83.2";"    87.6"
"157";"T001212";"A007232";"2014MM02";"     408";"     829";"    82.9";"    94.1"
"158";"T001212";"A007232";"2014MM03";"     449";"     930";"    91.0";"   105.5"
"159";"T001212";"A007232";"2014MM04";"     418";"     904";"    84.8";"   102.5"
"160";"T001212";"A007232";"2014MM05";"     433";"     900";"    87.9";"   102.1"
"161";"T001212";"A007232";"2014MM06";"     465";"     974";"    94.3";"   110.6"
"162";"T001212";"A007232";"2014MM07";"     601";"    1156";"   121.8";"   131.1"
"163";"T001212";"A007232";"2014MM08";"     413";"     805";"    83.7";"    91.4"
"164";"T001212";"A007232";"2014MM09";"     661";"    1061";"   134.0";"   120.5"
"165";"T001212";"A007232";"2014MM10";"     589";"    1002";"   119.4";"   113.8"
"166";"T001212";"A007232";"2014MM11";"     543";"     910";"   110.2";"   103.2"
"167";"T001212";"A007232";"2014MM12";"     644";"    1031";"   130.6";"   117.0"
"168";"T001212";"A007232";"2015MM01";"     554";"    1148";"   112.4";"   130.3"
"169";"T001212";"A007232";"2015MM02";"     932";"    1581";"   189.0";"   179.5"
"170";"T001212";"A007232";"2015MM03";"     938";"    1484";"   190.3";"   168.4"
"171";"T001212";"A007232";"2015MM04";"     911";"    1176";"   184.8";"   133.4"
"172";"T001212";"A007232";"2015MM05";"     627";"     948";"   127.3";"   107.6"
"173";"T001212";"A007232";"2015MM06";"     591";"    1072";"   119.8";"   121.7"
"174";"T001212";"A007232";"2015MM07";"     604";"    1080";"   122.5";"   122.6"
"175";"T001212";"A007232";"2015MM08";"     410";"     841";"    83.2";"    95.4"
"176";"T001212";"A007232";"2015MM09";"     605";"    1155";"   122.7";"   131.0"
"177";"T001212";"A007232";"2015MM10";"     563";"    1018";"   114.2";"   115.5"
"178";"T001212";"A007232";"2015MM11";"     497";"    1006";"   100.9";"   114.1"
"179";"T001212";"A007232";"2015MM12";"     628";"    1167";"   127.3";"   132.5"
"180";"T001212";"A007232";"2016MM01";"     515";"    1046";"   104.6";"   118.7"
"181";"T001212";"A007232";"2016MM02";"     558";"    1253";"   113.2";"   142.2"
"182";"T001212";"A007232";"2016MM03";"     652";"    1217";"   132.3";"   138.2"
"183";"T001212";"A007232";"2016MM04";"     597";"    1231";"   121.1";"   139.7"
"184";"T001212";"A007232";"2016MM05";"     693";"    1238";"   140.6";"   140.4"
"185";"T001212";"A007232";"2016MM06";"     729";"    1319";"   147.9";"   149.7"
"186";"T001212";"A007232";"2016MM07";"     676";"    1368";"   137.1";"   155.3"
"187";"T001212";"A007232";"2016MM08";"     682";"    1170";"   138.3";"   132.8"
"188";"T001212";"A007232";"2016MM09";"     841";"    1427";"   170.6";"   162.0"
"189";"T001212";"A007232";"2016MM10";"     776";"    1161";"   157.4";"   131.7"
"190";"T001212";"A007232";"2016MM11";"     743";"    1374";"   150.8";"   156.0"
"191";"T001212";"A007232";"2016MM12";"     861";"    1410";"   174.6";"   160.0"
"192";"T001212";"A007232";"2017MM01";"     688";"    1402";"   139.6";"   159.1"
"193";"T001212";"A007232";"2017MM02";"     781";"    1443";"   158.4";"   163.8"
"194";"T001212";"A007232";"2017MM03";"    1048";"    1611";"   212.6";"   182.9"
"195";"T001212";"A007232";"2017MM04";"     994";"    1409";"   201.6";"   159.9"
"196";"T001212";"A007232";"2017MM05";"     821";"    1679";"   166.6";"   190.6"
"197";"T001212";"A007232";"2017MM06";"     805";"    1595";"   163.4";"   181.0"
"198";"T001212";"A007232";"2017MM07";"    1212";"    1750";"   245.9";"   198.6"
"199";"T001212";"A007232";"2017MM08";"     849";"    1487";"   172.4";"   168.7"
"200";"T001212";"A007232";"2017MM09";"    1022";"    1644";"   207.3";"   186.6"
"201";"T001212";"A007232";"2017MM10";"    1132";"    1519";"   229.6";"   172.4"
"202";"T001212";"A007232";"2017MM11";"     950";"    1550";"   192.8";"   175.9"
"203";"T001212";"A007232";"2017MM12";"     873";"    1384";"   177.1";"   157.1"
"204";"T001212";"A007232";"2018MM01";"     761";"    1421";"   154.3";"   161.3"
"205";"T001212";"A007232";"2018MM02";"     969";"    1454";"   196.6";"   165.0"
"206";"T001212";"A007232";"2018MM03";"    1058";"    1659";"   214.6";"   188.3"
"207";"T001212";"A007232";"2018MM04";"     825";"    1518";"   167.4";"   172.3"
"208";"T001212";"A007232";"2018MM05";"     797";"    1546";"   161.6";"   175.5"
"209";"T001212";"A007232";"2018MM06";"    1047";"    1636";"   212.4";"   185.7"
"210";"T001212";"A007232";"2018MM07";"    1114";"    1698";"   226.1";"   192.7"
"211";"T001212";"A007232";"2018MM08";"     887";"    1469";"   180.1";"   166.7"
"212";"T001212";"A007232";"2018MM09";"    1053";"    1499";"   213.6";"   170.1"
"213";"T001212";"A007232";"2018MM10";"    1552";"    1629";"   314.9";"   184.9"
"214";"T001212";"A007232";"2018MM11";"     940";"    1404";"   190.8";"   159.4"
"215";"T001212";"A007232";"2018MM12";"     964";"    1301";"   195.6";"   147.6"
"216";"T001212";"A007232";"2019MM01";"     762";"    1335";"   154.6";"   151.5"
"217";"T001212";"A007232";"2019MM02";"     745";"    1284";"   151.2";"   145.7"
"218";"T001212";"A007232";"2019MM03";"     904";"    1417";"   183.4";"   160.8"
"219";"T001212";"A007232";"2019MM04";"     894";"    1375";"   181.5";"   156.0"
"220";"T001212";"A007232";"2019MM05";"     747";"    1462";"   151.5";"   165.9"
"221";"T001212";"A007232";"2019MM06";"     796";"    1406";"   161.5";"   159.5"
"222";"T001212";"A007232";"2019MM07";"    1177";"    1627";"   238.8";"   184.6"
"223";"T001212";"A007232";"2019MM08";"     655";"    1088";"   132.9";"   123.5"
"224";"T001212";"A007232";"2019MM09";"     894";"    1309";"   181.3";"   148.6"
"225";"T001212";"A007232";"2019MM10";"    1283";"    1391";"   260.3";"   157.9"
"226";"T001212";"A007232";"2019MM11";"    1028";"    1277";"   208.5";"   144.9"
"227";"T001212";"A007232";"2019MM12";"    1040";"    1453";"   210.9";"   164.9"
"228";"T001212";"A007232";"2020MM01";"     857";"    1379";"   173.9";"   156.6"
"229";"T001212";"A007232";"2020MM02";"     925";"    1374";"   187.6";"   155.9"
"230";"T001212";"A007232";"2020MM03";"    1143";"    1652";"   231.9";"   187.5"
"231";"T001212";"A007232";"2020MM04";"    1041";"    1482";"   211.2";"   168.2"
"232";"T001212";"A007232";"2020MM05";"     874";"    1438";"   177.3";"   163.2"
"233";"T001212";"A007232";"2020MM06";"    1055";"    1589";"   214.0";"   180.4"
"234";"T001212";"A007232";"2020MM07";"    1262";"    1696";"   256.0";"   192.5"
"235";"T001212";"A007232";"2020MM08";"     672";"    1162";"   136.4";"   131.8"
"236";"T001212";"A007232";"2020MM09";"    1211";"    1564";"   245.6";"   177.5"
"237";"T001212";"A007232";"2020MM10";"    1355";"    1482";"   274.9";"   168.2"
"238";"T001212";"A007232";"2020MM11";"    1002";"    1485";"   203.4";"   168.5"
"239";"T001212";"A007232";"2020MM12";"    1518";"    1736";"   307.9";"   197.0"
"240";"T001212";"A007232";"2021MM01";"     958";"    1635";"   194.3";"   185.6"
"241";"T001212";"A007232";"2021MM02";"    1154";"    1947";"   234.2";"   220.9"
"242";"T001212";"A007232";"2021MM03";"    1644";"    2126";"   333.5";"   241.2"
"243";"T001212";"A007232";"2021MM04";"    1482";"    1700";"   300.7";"   192.9"
"244";"T001212";"A007232";"2021MM05";"    1152";"    1552";"   233.7";"   176.1"
"245";"T001212";"A007232";"2021MM06";"    1334";"    1762";"   270.7";"   200.0"
"246";"T001212";"A007232";"2021MM07";"    1442";"    1886";"   292.6";"   214.1"
"247";"T001212";"A007232";"2021MM08";"     819";"    1392";"   166.1";"   157.9"
"248";"T001212";"A007232";"2021MM09";"    1243";"    1670";"   252.1";"   189.5"
"249";"T001212";"A007232";"2021MM10";"    1313";"    1524";"   266.4";"   173.0"
"250";"T001212";"A007232";"2021MM11";"    1333";"    1616";"   270.4";"   183.4"
"251";"T001212";"A007232";"2021MM12";"    1347";"    1704";"   273.4";"   193.4"
"252";"T001212";"A007232";"2022MM01";"    1004";"    1424";"   203.8";"   161.6"
"253";"T001212";"A007232";"2022MM02";"     974";"    1560";"   197.5";"   177.0"
"254";"T001212";"A007232";"2022MM03";"    1587";"    1769";"   322.1";"   200.8"
"255";"T001212";"A007232";"2022MM04";"    1014";"    1598";"   205.7";"   181.4"
"256";"T001212";"A007232";"2022MM05";"    1071";"    1591";"   217.2";"   180.5"
"257";"T001212";"A007232";"2022MM06";"    1327";"    1828";"   269.2";"   207.5"
"258";"T001212";"A007232";"2022MM07";"    1402";"    1718";"   284.5";"   194.9"
"259";"T001212";"A007232";"2022MM08";"     834";"    1277";"   169.1";"   144.9"
"260";"T001212";"A007232";"2022MM09";"    1342";"    1471";"   272.2";"   166.9"
"261";"T001212";"A007232";"2022MM10";"    1375";"    1395";"   278.9";"   158.3"
"262";"T001212";"A007232";"2022MM11";"    1058";"    1338";"   214.6";"   151.9"
"263";"T001212";"A007232";"2022MM12";"     844";"    1299";"   171.2";"   147.4"
"264";"T001212";"A007237";"2012MM01";"     416";"     688";"    82.5";"    98.3"
"265";"T001212";"A007237";"2012MM02";"     376";"     677";"    74.5";"    96.8"
"266";"T001212";"A007237";"2012MM03";"     687";"     720";"   136.2";"   102.8"
"267";"T001212";"A007237";"2012MM04";"     509";"     722";"   100.8";"   103.1"
"268";"T001212";"A007237";"2012MM05";"     533";"     866";"   105.6";"   123.7"
"269";"T001212";"A007237";"2012MM06";"     627";"     784";"   124.2";"   112.0"
"270";"T001212";"A007237";"2012MM07";"     605";"     841";"   120.0";"   120.1"
"271";"T001212";"A007237";"2012MM08";"     462";"     670";"    91.5";"    95.7"
"272";"T001212";"A007237";"2012MM09";"     413";"     647";"    81.8";"    92.4"
"273";"T001212";"A007237";"2012MM10";"     447";"     654";"    88.7";"    93.5"
"274";"T001212";"A007237";"2012MM11";"     486";"     589";"    96.3";"    84.1"
"275";"T001212";"A007237";"2012MM12";"     494";"     542";"    97.9";"    77.5"
"276";"T001212";"A007237";"2013MM01";"     351";"     628";"    69.6";"    89.7"
"277";"T001212";"A007237";"2013MM02";"     439";"     597";"    87.0";"    85.3"
"278";"T001212";"A007237";"2013MM03";"     432";"     662";"    85.6";"    94.5"
"279";"T001212";"A007237";"2013MM04";"     492";"     668";"    97.6";"    95.5"
"280";"T001212";"A007237";"2013MM05";"     522";"     686";"   103.4";"    98.0"
"281";"T001212";"A007237";"2013MM06";"     544";"     685";"   107.8";"    97.8"
"282";"T001212";"A007237";"2013MM07";"     431";"     740";"    85.4";"   105.7"
"283";"T001212";"A007237";"2013MM08";"     403";"     624";"    79.8";"    89.2"
"284";"T001212";"A007237";"2013MM09";"     512";"     618";"   101.5";"    88.3"
"285";"T001212";"A007237";"2013MM10";"     423";"     598";"    83.9";"    85.4"
"286";"T001212";"A007237";"2013MM11";"     330";"     542";"    65.4";"    77.5"
"287";"T001212";"A007237";"2013MM12";"     472";"     593";"    93.5";"    84.7"
"288";"T001212";"A007237";"2014MM01";"     438";"     602";"    86.7";"    85.9"
"289";"T001212";"A007237";"2014MM02";"     452";"     611";"    89.5";"    87.3"
"290";"T001212";"A007237";"2014MM03";"     375";"     614";"    74.3";"    87.7"
"291";"T001212";"A007237";"2014MM04";"     454";"     696";"    90.0";"    99.5"
"292";"T001212";"A007237";"2014MM05";"     338";"     645";"    66.9";"    92.2"
"293";"T001212";"A007237";"2014MM06";"     402";"     667";"    79.7";"    95.2"
"294";"T001212";"A007237";"2014MM07";"     450";"     732";"    89.2";"   104.5"
"295";"T001212";"A007237";"2014MM08";"     344";"     501";"    68.3";"    71.5"
"296";"T001212";"A007237";"2014MM09";"     504";"     584";"    99.9";"    83.4"
"297";"T001212";"A007237";"2014MM10";"     512";"     605";"   101.5";"    86.5"
"298";"T001212";"A007237";"2014MM11";"     337";"     487";"    66.7";"    69.6"
"299";"T001212";"A007237";"2014MM12";"     535";"     565";"   106.0";"    80.7"
"300";"T001212";"A007237";"2015MM01";"     375";"     510";"    74.2";"    72.8"
"301";"T001212";"A007237";"2015MM02";"     484";"     553";"    95.9";"    79.1"
"302";"T001212";"A007237";"2015MM03";"     459";"     603";"    91.0";"    86.2"
"303";"T001212";"A007237";"2015MM04";"     470";"     598";"    93.1";"    85.4"
"304";"T001212";"A007237";"2015MM05";"     420";"     516";"    83.3";"    73.8"
"305";"T001212";"A007237";"2015MM06";"     362";"     649";"    71.7";"    92.7"
"306";"T001212";"A007237";"2015MM07";"     451";"     704";"    89.5";"   100.5"
"307";"T001212";"A007237";"2015MM08";"     428";"     514";"    84.8";"    73.5"
"308";"T001212";"A007237";"2015MM09";"     383";"     584";"    75.9";"    83.5"
"309";"T001212";"A007237";"2015MM10";"     390";"     518";"    77.3";"    74.0"
"310";"T001212";"A007237";"2015MM11";"     371";"     485";"    73.5";"    69.2"
"311";"T001212";"A007237";"2015MM12";"     426";"     550";"    84.5";"    78.5"
"312";"T001212";"A007237";"2016MM01";"     265";"     446";"    52.4";"    63.7"
"313";"T001212";"A007237";"2016MM02";"     385";"     550";"    76.2";"    78.5"
"314";"T001212";"A007237";"2016MM03";"     430";"     561";"    85.1";"    80.2"
"315";"T001212";"A007237";"2016MM04";"     568";"     588";"   112.6";"    84.0"
"316";"T001212";"A007237";"2016MM05";"     386";"     583";"    76.6";"    83.3"
"317";"T001212";"A007237";"2016MM06";"     478";"     682";"    94.7";"    97.4"
"318";"T001212";"A007237";"2016MM07";"     394";"     607";"    78.0";"    86.6"
"319";"T001212";"A007237";"2016MM08";"     342";"     524";"    67.7";"    74.9"
"320";"T001212";"A007237";"2016MM09";"     542";"     565";"   107.3";"    80.7"
"321";"T001212";"A007237";"2016MM10";"     346";"     538";"    68.5";"    76.9"
"322";"T001212";"A007237";"2016MM11";"     513";"     576";"   101.7";"    82.3"
"323";"T001212";"A007237";"2016MM12";"     507";"     529";"   100.4";"    75.6"
"324";"T001212";"A007237";"2017MM01";"     312";"     485";"    61.9";"    69.3"
"325";"T001212";"A007237";"2017MM02";"     588";"     623";"   116.5";"    88.9"
"326";"T001212";"A007237";"2017MM03";"     512";"     680";"   101.5";"    97.2"
"327";"T001212";"A007237";"2017MM04";"     355";"     549";"    70.3";"    78.4"
"328";"T001212";"A007237";"2017MM05";"     613";"     673";"   121.5";"    96.1"
"329";"T001212";"A007237";"2017MM06";"     399";"     675";"    79.1";"    96.4"
"330";"T001212";"A007237";"2017MM07";"     614";"     725";"   121.6";"   103.5"
"331";"T001212";"A007237";"2017MM08";"     312";"     504";"    61.9";"    72.0"
"332";"T001212";"A007237";"2017MM09";"     417";"     588";"    82.6";"    83.9"
"333";"T001212";"A007237";"2017MM10";"     571";"     634";"   113.2";"    90.6"
"334";"T001212";"A007237";"2017MM11";"     669";"     599";"   132.5";"    85.6"
"335";"T001212";"A007237";"2017MM12";"     481";"     531";"    95.2";"    75.8"
"336";"T001212";"A007237";"2018MM01";"     399";"     549";"    79.2";"    78.5"
"337";"T001212";"A007237";"2018MM02";"     490";"     654";"    97.2";"    93.4"
"338";"T001212";"A007237";"2018MM03";"     451";"     641";"    89.4";"    91.6"
"339";"T001212";"A007237";"2018MM04";"     658";"     643";"   130.4";"    91.8"
"340";"T001212";"A007237";"2018MM05";"     585";"     653";"   115.9";"    93.2"
"341";"T001212";"A007237";"2018MM06";"     542";"     683";"   107.4";"    97.6"
"342";"T001212";"A007237";"2018MM07";"     609";"     727";"   120.6";"   103.9"
"343";"T001212";"A007237";"2018MM08";"     528";"     554";"   104.7";"    79.1"
"344";"T001212";"A007237";"2018MM09";"     487";"     604";"    96.5";"    86.2"
"345";"T001212";"A007237";"2018MM10";"     607";"     672";"   120.3";"    96.0"
"346";"T001212";"A007237";"2018MM11";"     508";"     623";"   100.6";"    89.0"
"347";"T001212";"A007237";"2018MM12";"     468";"     552";"    92.8";"    78.8"
"348";"T001212";"A007237";"2019MM01";"     476";"     598";"    94.3";"    85.4"
"349";"T001212";"A007237";"2019MM02";"     532";"     593";"   105.5";"    84.8"
"350";"T001212";"A007237";"2019MM03";"     516";"     581";"   102.3";"    83.0"
"351";"T001212";"A007237";"2019MM04";"     588";"     633";"   116.5";"    90.4"
"352";"T001212";"A007237";"2019MM05";"     471";"     684";"    93.3";"    97.7"
"353";"T001212";"A007237";"2019MM06";"     493";"     615";"    97.8";"    87.9"
"354";"T001212";"A007237";"2019MM07";"     708";"     781";"   140.3";"   111.6"
"355";"T001212";"A007237";"2019MM08";"     308";"     432";"    61.0";"    61.7"
"356";"T001212";"A007237";"2019MM09";"     392";"     520";"    77.7";"    74.3"
"357";"T001212";"A007237";"2019MM10";"     532";"     572";"   105.4";"    81.8"
"358";"T001212";"A007237";"2019MM11";"     662";"     521";"   131.2";"    74.4"
"359";"T001212";"A007237";"2019MM12";"     700";"     550";"   138.8";"    78.5"
"360";"T001212";"A007237";"2020MM01";"     371";"     506";"    73.5";"    72.3"
"361";"T001212";"A007237";"2020MM02";"     547";"     544";"   108.5";"    77.6"
"362";"T001212";"A007237";"2020MM03";"     509";"     613";"   100.8";"    87.5"
"363";"T001212";"A007237";"2020MM04";"     736";"     579";"   145.9";"    82.8"
"364";"T001212";"A007237";"2020MM05";"     498";"     523";"    98.7";"    74.7"
"365";"T001212";"A007237";"2020MM06";"     511";"     548";"   101.4";"    78.2"
"366";"T001212";"A007237";"2020MM07";"     786";"     588";"   155.8";"    84.0"
"367";"T001212";"A007237";"2020MM08";"     506";"     427";"   100.3";"    60.9"
"368";"T001212";"A007237";"2020MM09";"     517";"     533";"   102.5";"    76.2"
"369";"T001212";"A007237";"2020MM10";"     604";"     558";"   119.7";"    79.7"
"370";"T001212";"A007237";"2020MM11";"     697";"     565";"   138.2";"    80.6"
"371";"T001212";"A007237";"2020MM12";"     476";"     572";"    94.3";"    81.8"
"372";"T001212";"A007237";"2021MM01";"     526";"     501";"   104.3";"    71.5"
"373";"T001212";"A007237";"2021MM02";"     560";"     546";"   111.0";"    78.0"
"374";"T001212";"A007237";"2021MM03";"     820";"     746";"   162.6";"   106.6"
"375";"T001212";"A007237";"2021MM04";"     541";"     602";"   107.3";"    86.0"
"376";"T001212";"A007237";"2021MM05";"     611";"     596";"   121.0";"    85.1"
"377";"T001212";"A007237";"2021MM06";"     502";"     692";"    99.5";"    98.9"
"378";"T001212";"A007237";"2021MM07";"     897";"     692";"   177.8";"    98.8"
"379";"T001212";"A007237";"2021MM08";"     465";"     515";"    92.1";"    73.5"
"380";"T001212";"A007237";"2021MM09";"     619";"     640";"   122.7";"    91.4"
"381";"T001212";"A007237";"2021MM10";"     566";"     649";"   112.2";"    92.8"
"382";"T001212";"A007237";"2021MM11";"     656";"     610";"   130.0";"    87.1"
"383";"T001212";"A007237";"2021MM12";"     659";"     613";"   130.6";"    87.6"
"384";"T001212";"A007237";"2022MM01";"     515";"     499";"   102.0";"    71.3"
"385";"T001212";"A007237";"2022MM02";"     475";"     565";"    94.1";"    80.7"
"386";"T001212";"A007237";"2022MM03";"     733";"     655";"   145.3";"    93.6"
"387";"T001212";"A007237";"2022MM04";"     470";"     529";"    93.2";"    75.6"
"388";"T001212";"A007237";"2022MM05";"     823";"     560";"   163.0";"    80.0"
"389";"T001212";"A007237";"2022MM06";"     835";"     628";"   165.4";"    89.8"
"390";"T001212";"A007237";"2022MM07";"     742";"     636";"   147.0";"    90.8"
"391";"T001212";"A007237";"2022MM08";"     552";"     445";"   109.5";"    63.6"
"392";"T001212";"A007237";"2022MM09";"     515";"     527";"   102.1";"    75.3"
"393";"T001212";"A007237";"2022MM10";"     743";"     507";"   147.3";"    72.5"
"394";"T001212";"A007237";"2022MM11";"     738";"     461";"   146.3";"    65.8"
"395";"T001212";"A007237";"2022MM12";"     612";"     452";"   121.3";"    64.6"
"396";"A028180";"T001032";"2012MM01";"     622";"     763";"    81.5";"    95.0"
"397";"A028180";"T001032";"2012MM02";"     746";"     837";"    97.9";"   104.3"
"398";"A028180";"T001032";"2012MM03";"     939";"     839";"   123.1";"   104.6"
"399";"A028180";"T001032";"2012MM04";"     684";"     822";"    89.7";"   102.5"
"400";"A028180";"T001032";"2012MM05";"     889";"    1004";"   116.6";"   125.1"
"401";"A028180";"T001032";"2012MM06";"     951";"     968";"   124.7";"   120.6"
"402";"A028180";"T001032";"2012MM07";"     972";"     899";"   127.5";"   112.0"
"403";"A028180";"T001032";"2012MM08";"     544";"     685";"    71.4";"    85.3"
"404";"A028180";"T001032";"2012MM09";"     603";"     688";"    79.1";"    85.8"
"405";"A028180";"T001032";"2012MM10";"     782";"     755";"   102.5";"    94.1"
"406";"A028180";"T001032";"2012MM11";"     704";"     742";"    92.4";"    92.4"
"407";"A028180";"T001032";"2012MM12";"     713";"     628";"    93.6";"    78.3"
"408";"A028180";"T001032";"2013MM01";"     415";"     625";"    54.4";"    77.9"
"409";"A028180";"T001032";"2013MM02";"     646";"     670";"    84.7";"    83.4"
"410";"A028180";"T001032";"2013MM03";"     472";"     655";"    61.9";"    81.6"
"411";"A028180";"T001032";"2013MM04";"     588";"     627";"    77.1";"    78.1"
"412";"A028180";"T001032";"2013MM05";"     643";"     700";"    84.4";"    87.2"
"413";"A028180";"T001032";"2013MM06";"     503";"     616";"    66.0";"    76.8"
"414";"A028180";"T001032";"2013MM07";"     523";"     701";"    68.6";"    87.4"
"415";"A028180";"T001032";"2013MM08";"     460";"     571";"    60.4";"    71.2"
"416";"A028180";"T001032";"2013MM09";"     595";"     661";"    78.1";"    82.4"
"417";"A028180";"T001032";"2013MM10";"     678";"     725";"    89.0";"    90.3"
"418";"A028180";"T001032";"2013MM11";"     600";"     632";"    78.7";"    78.8"
"419";"A028180";"T001032";"2013MM12";"     632";"     628";"    82.9";"    78.2"
"420";"A028180";"T001032";"2014MM01";"     632";"     675";"    82.9";"    84.1"
"421";"A028180";"T001032";"2014MM02";"     611";"     719";"    80.1";"    89.6"
"422";"A028180";"T001032";"2014MM03";"     596";"     800";"    78.1";"    99.7"
"423";"A028180";"T001032";"2014MM04";"     621";"     824";"    81.4";"   102.6"
"424";"A028180";"T001032";"2014MM05";"     587";"     759";"    77.0";"    94.5"
"425";"A028180";"T001032";"2014MM06";"     595";"     812";"    78.0";"   101.1"
"426";"A028180";"T001032";"2014MM07";"     834";"     999";"   109.4";"   124.4"
"427";"A028180";"T001032";"2014MM08";"     578";"     706";"    75.8";"    87.9"
"428";"A028180";"T001032";"2014MM09";"     946";"     900";"   124.1";"   112.1"
"429";"A028180";"T001032";"2014MM10";"     701";"     819";"    92.0";"   102.0"
"430";"A028180";"T001032";"2014MM11";"     658";"     777";"    86.3";"    96.8"
"431";"A028180";"T001032";"2014MM12";"     889";"     908";"   116.6";"   113.1"
"432";"A028180";"T001032";"2015MM01";"     664";"     936";"    87.1";"   116.6"
"433";"A028180";"T001032";"2015MM02";"    1130";"    1418";"   148.2";"   176.7"
"434";"A028180";"T001032";"2015MM03";"    1135";"    1244";"   148.8";"   155.0"
"435";"A028180";"T001032";"2015MM04";"    1148";"     974";"   150.6";"   121.4"
"436";"A028180";"T001032";"2015MM05";"     820";"     766";"   107.5";"    95.4"
"437";"A028180";"T001032";"2015MM06";"     739";"     874";"    97.0";"   108.9"
"438";"A028180";"T001032";"2015MM07";"     736";"     917";"    96.5";"   114.3"
"439";"A028180";"T001032";"2015MM08";"     643";"     670";"    84.3";"    83.5"
"440";"A028180";"T001032";"2015MM09";"     757";"     974";"    99.2";"   121.4"
"441";"A028180";"T001032";"2015MM10";"     688";"     820";"    90.2";"   102.1"
"442";"A028180";"T001032";"2015MM11";"     657";"     841";"    86.1";"   104.8"
"443";"A028180";"T001032";"2015MM12";"     769";"     967";"   100.9";"   120.4"
"444";"A028180";"T001032";"2016MM01";"     588";"     846";"    77.1";"   105.3"
"445";"A028180";"T001032";"2016MM02";"     670";"     998";"    87.9";"   124.3"
"446";"A028180";"T001032";"2016MM03";"     809";"    1021";"   106.1";"   127.2"
"447";"A028180";"T001032";"2016MM04";"     861";"    1008";"   112.9";"   125.6"
"448";"A028180";"T001032";"2016MM05";"     807";"    1002";"   105.9";"   124.9"
"449";"A028180";"T001032";"2016MM06";"     882";"    1093";"   115.7";"   136.1"
"450";"A028180";"T001032";"2016MM07";"     808";"    1114";"   106.0";"   138.8"
"451";"A028180";"T001032";"2016MM08";"     715";"     971";"    93.8";"   121.0"
"452";"A028180";"T001032";"2016MM09";"    1044";"    1203";"   136.9";"   149.8"
"453";"A028180";"T001032";"2016MM10";"     923";"    1012";"   121.1";"   126.0"
"454";"A028180";"T001032";"2016MM11";"     989";"    1150";"   129.7";"   143.3"
"455";"A028180";"T001032";"2016MM12";"    1038";"    1149";"   136.1";"   143.1"
"456";"A028180";"T001032";"2017MM01";"     818";"    1151";"   107.2";"   143.4"
"457";"A028180";"T001032";"2017MM02";"    1068";"    1255";"   140.1";"   156.3"
"458";"A028180";"T001032";"2017MM03";"    1241";"    1374";"   162.8";"   171.2"
"459";"A028180";"T001032";"2017MM04";"    1134";"    1214";"   148.8";"   151.2"
"460";"A028180";"T001032";"2017MM05";"    1115";"    1417";"   146.2";"   176.6"
"461";"A028180";"T001032";"2017MM06";"     915";"    1321";"   120.0";"   164.6"
"462";"A028180";"T001032";"2017MM07";"    1438";"    1413";"   188.6";"   176.0"
"463";"A028180";"T001032";"2017MM08";"     924";"    1208";"   121.2";"   150.6"
"464";"A028180";"T001032";"2017MM09";"    1171";"    1386";"   153.7";"   172.6"
"465";"A028180";"T001032";"2017MM10";"    1277";"    1257";"   167.5";"   156.6"
"466";"A028180";"T001032";"2017MM11";"    1262";"    1265";"   165.5";"   157.6"
"467";"A028180";"T001032";"2017MM12";"    1020";"    1127";"   133.8";"   140.4"
"468";"A028180";"T001032";"2018MM01";"     893";"    1138";"   117.1";"   141.7"
"469";"A028180";"T001032";"2018MM02";"    1177";"    1206";"   154.3";"   150.3"
"470";"A028180";"T001032";"2018MM03";"    1210";"    1349";"   158.7";"   168.0"
"471";"A028180";"T001032";"2018MM04";"    1158";"    1250";"   151.9";"   155.7"
"472";"A028180";"T001032";"2018MM05";"    1135";"    1293";"   148.8";"   161.1"
"473";"A028180";"T001032";"2018MM06";"    1253";"    1314";"   164.3";"   163.6"
"474";"A028180";"T001032";"2018MM07";"    1368";"    1360";"   179.5";"   169.5"
"475";"A028180";"T001032";"2018MM08";"    1142";"    1169";"   149.8";"   145.7"
"476";"A028180";"T001032";"2018MM09";"    1234";"    1295";"   161.9";"   161.4"
"477";"A028180";"T001032";"2018MM10";"    1805";"    1375";"   236.7";"   171.3"
"478";"A028180";"T001032";"2018MM11";"    1173";"    1123";"   153.8";"   139.9"
"479";"A028180";"T001032";"2018MM12";"    1130";"    1048";"   148.2";"   130.5"
"480";"A028180";"T001032";"2019MM01";"     907";"    1056";"   119.0";"   131.6"
"481";"A028180";"T001032";"2019MM02";"     990";"    1065";"   129.9";"   132.7"
"482";"A028180";"T001032";"2019MM03";"    1116";"    1112";"   146.3";"   138.6"
"483";"A028180";"T001032";"2019MM04";"    1216";"    1090";"   159.5";"   135.8"
"484";"A028180";"T001032";"2019MM05";"     904";"    1138";"   118.6";"   141.7"
"485";"A028180";"T001032";"2019MM06";"    1038";"    1079";"   136.2";"   134.4"
"486";"A028180";"T001032";"2019MM07";"    1367";"    1231";"   179.3";"   153.3"
"487";"A028180";"T001032";"2019MM08";"     734";"     823";"    96.3";"   102.5"
"488";"A028180";"T001032";"2019MM09";"    1037";"     992";"   136.0";"   123.6"
"489";"A028180";"T001032";"2019MM10";"    1446";"    1074";"   189.7";"   133.7"
"490";"A028180";"T001032";"2019MM11";"    1346";"    1000";"   176.6";"   124.5"
"491";"A028180";"T001032";"2019MM12";"    1296";"    1159";"   170.0";"   144.4"
"492";"A028180";"T001032";"2020MM01";"     905";"    1051";"   118.7";"   131.0"
"493";"A028180";"T001032";"2020MM02";"    1127";"    1034";"   147.9";"   128.8"
"494";"A028180";"T001032";"2020MM03";"    1230";"    1173";"   161.3";"   146.2"
"495";"A028180";"T001032";"2020MM04";"    1396";"    1116";"   183.1";"   139.1"
"496";"A028180";"T001032";"2020MM05";"     990";"     944";"   129.9";"   117.6"
"497";"A028180";"T001032";"2020MM06";"    1297";"    1117";"   170.1";"   139.2"
"498";"A028180";"T001032";"2020MM07";"    1688";"    1205";"   221.4";"   150.1"
"499";"A028180";"T001032";"2020MM08";"     932";"     864";"   122.2";"   107.6"
"500";"A028180";"T001032";"2020MM09";"    1403";"    1071";"   184.1";"   133.4"
"501";"A028180";"T001032";"2020MM10";"    1555";"    1086";"   203.9";"   135.3"
"502";"A028180";"T001032";"2020MM11";"    1345";"    1071";"   176.4";"   133.4"
"503";"A028180";"T001032";"2020MM12";"    1644";"    1221";"   215.6";"   152.1"
"504";"A028180";"T001032";"2021MM01";"    1219";"    1121";"   160.0";"   139.7"
"505";"A028180";"T001032";"2021MM02";"    1382";"    1435";"   181.3";"   178.8"
"506";"A028180";"T001032";"2021MM03";"    2046";"    1584";"   268.3";"   197.3"
"507";"A028180";"T001032";"2021MM04";"    1699";"    1191";"   222.8";"   148.4"
"508";"A028180";"T001032";"2021MM05";"    1377";"    1017";"   180.7";"   126.7"
"509";"A028180";"T001032";"2021MM06";"    1468";"    1143";"   192.6";"   142.4"
"510";"A028180";"T001032";"2021MM07";"    1840";"    1225";"   241.3";"   152.6"
"511";"A028180";"T001032";"2021MM08";"    1038";"     932";"   136.1";"   116.1"
"512";"A028180";"T001032";"2021MM09";"    1342";"    1169";"   176.0";"   145.6"
"513";"A028180";"T001032";"2021MM10";"    1527";"    1074";"   200.3";"   133.8"
"514";"A028180";"T001032";"2021MM11";"    1579";"    1101";"   207.1";"   137.2"
"515";"A028180";"T001032";"2021MM12";"    1548";"    1139";"   203.0";"   141.9"
"516";"A028180";"T001032";"2022MM01";"    1238";"     912";"   162.4";"   113.6"
"517";"A028180";"T001032";"2022MM02";"    1090";"     982";"   143.0";"   122.4"
"518";"A028180";"T001032";"2022MM03";"    1807";"    1105";"   237.0";"   137.6"
"519";"A028180";"T001032";"2022MM04";"    1097";"     930";"   143.9";"   115.8"
"520";"A028180";"T001032";"2022MM05";"    1439";"     990";"   188.7";"   123.3"
"521";"A028180";"T001032";"2022MM06";"    1563";"    1095";"   205.0";"   136.4"
"522";"A028180";"T001032";"2022MM07";"    1677";"    1000";"   219.9";"   124.5"
"523";"A028180";"T001032";"2022MM08";"    1043";"     732";"   136.8";"    91.2"
"524";"A028180";"T001032";"2022MM09";"    1425";"     980";"   187.0";"   122.1"
"525";"A028180";"T001032";"2022MM10";"    1794";"     870";"   235.3";"   108.4"
"526";"A028180";"T001032";"2022MM11";"    1436";"     801";"   188.4";"    99.8"
"527";"A028180";"T001032";"2022MM12";"    1164";"     792";"   152.7";"    98.6"
"528";"A028180";"A007232";"2012MM01";"     342";"     480";"    81.6";"    97.0"
"529";"A028180";"A007232";"2012MM02";"     476";"     518";"   113.7";"   104.7"
"530";"A028180";"A007232";"2012MM03";"     424";"     503";"   101.4";"   101.8"
"531";"A028180";"A007232";"2012MM04";"     354";"     494";"    84.6";"    99.9"
"532";"A028180";"A007232";"2012MM05";"     519";"     600";"   123.9";"   121.4"
"533";"A028180";"A007232";"2012MM06";"     506";"     606";"   120.8";"   122.5"
"534";"A028180";"A007232";"2012MM07";"     589";"     537";"   140.6";"   108.7"
"535";"A028180";"A007232";"2012MM08";"     309";"     419";"    73.8";"    84.7"
"536";"A028180";"A007232";"2012MM09";"     366";"     416";"    87.5";"    84.2"
"537";"A028180";"A007232";"2012MM10";"     461";"     480";"   110.2";"    97.1"
"538";"A028180";"A007232";"2012MM11";"     343";"     483";"    82.0";"    97.6"
"539";"A028180";"A007232";"2012MM12";"     335";"     397";"    80.0";"    80.4"
"540";"A028180";"A007232";"2013MM01";"     230";"     368";"    54.9";"    74.4"
"541";"A028180";"A007232";"2013MM02";"     343";"     419";"    82.0";"    84.8"
"542";"A028180";"A007232";"2013MM03";"     228";"     374";"    54.4";"    75.7"
"543";"A028180";"A007232";"2013MM04";"     317";"     376";"    75.6";"    76.0"
"544";"A028180";"A007232";"2013MM05";"     321";"     425";"    76.8";"    85.9"
"545";"A028180";"A007232";"2013MM06";"     237";"     345";"    56.6";"    69.8"
"546";"A028180";"A007232";"2013MM07";"     272";"     406";"    65.1";"    82.2"
"547";"A028180";"A007232";"2013MM08";"     220";"     333";"    52.6";"    67.3"
"548";"A028180";"A007232";"2013MM09";"     250";"     393";"    59.7";"    79.5"
"549";"A028180";"A007232";"2013MM10";"     388";"     477";"    92.6";"    96.5"
"550";"A028180";"A007232";"2013MM11";"     384";"     399";"    91.6";"    80.6"
"551";"A028180";"A007232";"2013MM12";"     292";"     360";"    69.7";"    72.9"
"552";"A028180";"A007232";"2014MM01";"     338";"     423";"    80.8";"    85.6"
"553";"A028180";"A007232";"2014MM02";"     325";"     445";"    77.6";"    90.0"
"554";"A028180";"A007232";"2014MM03";"     349";"     548";"    83.4";"   110.8"
"555";"A028180";"A007232";"2014MM04";"     357";"     531";"    85.2";"   107.4"
"556";"A028180";"A007232";"2014MM05";"     370";"     510";"    88.3";"   103.1"
"557";"A028180";"A007232";"2014MM06";"     339";"     550";"    81.0";"   111.3"
"558";"A028180";"A007232";"2014MM07";"     515";"     679";"   123.1";"   137.4"
"559";"A028180";"A007232";"2014MM08";"     333";"     474";"    79.5";"    95.9"
"560";"A028180";"A007232";"2014MM09";"     593";"     649";"   141.7";"   131.3"
"561";"A028180";"A007232";"2014MM10";"     491";"     577";"   117.2";"   116.7"
"562";"A028180";"A007232";"2014MM11";"     438";"     571";"   104.7";"   115.5"
"563";"A028180";"A007232";"2014MM12";"     538";"     671";"   128.4";"   135.6"
"564";"A028180";"A007232";"2015MM01";"     486";"     753";"   116.0";"   152.3"
"565";"A028180";"A007232";"2015MM02";"     857";"    1193";"   204.6";"   241.4"
"566";"A028180";"A007232";"2015MM03";"     803";"     982";"   191.8";"   198.5"
"567";"A028180";"A007232";"2015MM04";"     821";"     734";"   196.0";"   148.5"
"568";"A028180";"A007232";"2015MM05";"     534";"     568";"   127.4";"   115.0"
"569";"A028180";"A007232";"2015MM06";"     491";"     604";"   117.2";"   122.1"
"570";"A028180";"A007232";"2015MM07";"     457";"     632";"   109.2";"   127.8"
"571";"A028180";"A007232";"2015MM08";"     345";"     492";"    82.5";"    99.4"
"572";"A028180";"A007232";"2015MM09";"     509";"     741";"   121.5";"   149.9"
"573";"A028180";"A007232";"2015MM10";"     461";"     626";"   110.2";"   126.7"
"574";"A028180";"A007232";"2015MM11";"     404";"     648";"    96.5";"   131.1"
"575";"A028180";"A007232";"2015MM12";"     500";"     758";"   119.4";"   153.2"
"576";"A028180";"A007232";"2016MM01";"     428";"     679";"   102.3";"   137.4"
"577";"A028180";"A007232";"2016MM02";"     441";"     780";"   105.3";"   157.7"
"578";"A028180";"A007232";"2016MM03";"     528";"     792";"   126.1";"   160.1"
"579";"A028180";"A007232";"2016MM04";"     492";"     770";"   117.4";"   155.7"
"580";"A028180";"A007232";"2016MM05";"     564";"     781";"   134.8";"   158.0"
"581";"A028180";"A007232";"2016MM06";"     602";"     838";"   143.8";"   169.4"
"582";"A028180";"A007232";"2016MM07";"     557";"     878";"   132.9";"   177.6"
"583";"A028180";"A007232";"2016MM08";"     515";"     752";"   123.1";"   152.1"
"584";"A028180";"A007232";"2016MM09";"     704";"     975";"   168.2";"   197.3"
"585";"A028180";"A007232";"2016MM10";"     698";"     800";"   166.8";"   161.8"
"586";"A028180";"A007232";"2016MM11";"     645";"     910";"   154.0";"   184.0"
"587";"A028180";"A007232";"2016MM12";"     679";"     938";"   162.1";"   189.8"
"588";"A028180";"A007232";"2017MM01";"     613";"     941";"   146.4";"   190.4"
"589";"A028180";"A007232";"2017MM02";"     617";"     975";"   147.4";"   197.2"
"590";"A028180";"A007232";"2017MM03";"     884";"    1083";"   211.0";"   219.1"
"591";"A028180";"A007232";"2017MM04";"     881";"     956";"   210.5";"   193.3"
"592";"A028180";"A007232";"2017MM05";"     691";"    1107";"   165.1";"   223.9"
"593";"A028180";"A007232";"2017MM06";"     682";"    1039";"   162.8";"   210.1"
"594";"A028180";"A007232";"2017MM07";"    1038";"    1109";"   247.8";"   224.3"
"595";"A028180";"A007232";"2017MM08";"     739";"     984";"   176.6";"   199.1"
"596";"A028180";"A007232";"2017MM09";"     882";"    1105";"   210.6";"   223.6"
"597";"A028180";"A007232";"2017MM10";"     917";"     971";"   218.9";"   196.5"
"598";"A028180";"A007232";"2017MM11";"     802";"    1007";"   191.5";"   203.7"
"599";"A028180";"A007232";"2017MM12";"     727";"     897";"   173.7";"   181.5"
"600";"A028180";"A007232";"2018MM01";"     642";"     897";"   153.2";"   181.3"
"601";"A028180";"A007232";"2018MM02";"     855";"     936";"   204.3";"   189.4"
"602";"A028180";"A007232";"2018MM03";"     890";"    1081";"   212.6";"   218.5"
"603";"A028180";"A007232";"2018MM04";"     697";"     943";"   166.4";"   190.8"
"604";"A028180";"A007232";"2018MM05";"     695";"     981";"   166.1";"   198.4"
"605";"A028180";"A007232";"2018MM06";"     884";"    1006";"   211.2";"   203.4"
"606";"A028180";"A007232";"2018MM07";"     941";"    1033";"   224.6";"   208.9"
"607";"A028180";"A007232";"2018MM08";"     729";"     921";"   174.2";"   186.2"
"608";"A028180";"A007232";"2018MM09";"     947";"    1022";"   226.2";"   206.6"
"609";"A028180";"A007232";"2018MM10";"    1394";"    1046";"   333.0";"   211.6"
"610";"A028180";"A007232";"2018MM11";"     800";"     825";"   191.1";"   166.8"
"611";"A028180";"A007232";"2018MM12";"     841";"     798";"   200.8";"   161.4"
"612";"A028180";"A007232";"2019MM01";"     603";"     802";"   143.9";"   162.2"
"613";"A028180";"A007232";"2019MM02";"     618";"     786";"   147.5";"   159.0"
"614";"A028180";"A007232";"2019MM03";"     759";"     844";"   181.3";"   170.6"
"615";"A028180";"A007232";"2019MM04";"     790";"     803";"   188.7";"   162.5"
"616";"A028180";"A007232";"2019MM05";"     594";"     831";"   142.0";"   168.1"
"617";"A028180";"A007232";"2019MM06";"     687";"     802";"   164.0";"   162.2"
"618";"A028180";"A007232";"2019MM07";"     907";"     911";"   216.7";"   184.3"
"619";"A028180";"A007232";"2019MM08";"     527";"     643";"   126.0";"   130.0"
"620";"A028180";"A007232";"2019MM09";"     767";"     763";"   183.1";"   154.3"
"621";"A028180";"A007232";"2019MM10";"    1085";"     814";"   259.2";"   164.5"
"622";"A028180";"A007232";"2019MM11";"     837";"     773";"   200.0";"   156.4"
"623";"A028180";"A007232";"2019MM12";"     917";"     918";"   218.9";"   185.7"
"624";"A028180";"A007232";"2020MM01";"     673";"     805";"   160.6";"   162.8"
"625";"A028180";"A007232";"2020MM02";"     783";"     796";"   187.0";"   161.0"
"626";"A028180";"A007232";"2020MM03";"     937";"     919";"   223.7";"   185.9"
"627";"A028180";"A007232";"2020MM04";"     880";"     841";"   210.2";"   170.2"
"628";"A028180";"A007232";"2020MM05";"     651";"     730";"   155.5";"   147.7"
"629";"A028180";"A007232";"2020MM06";"     890";"     837";"   212.6";"   169.3"
"630";"A028180";"A007232";"2020MM07";"    1105";"     935";"   264.0";"   189.0"
"631";"A028180";"A007232";"2020MM08";"     547";"     667";"   130.6";"   134.9"
"632";"A028180";"A007232";"2020MM09";"    1047";"     831";"   250.1";"   168.0"
"633";"A028180";"A007232";"2020MM10";"    1220";"     836";"   291.3";"   169.1"
"634";"A028180";"A007232";"2020MM11";"     864";"     835";"   206.2";"   168.9"
"635";"A028180";"A007232";"2020MM12";"    1313";"     965";"   313.5";"   195.3"
"636";"A028180";"A007232";"2021MM01";"     807";"     920";"   192.7";"   186.0"
"637";"A028180";"A007232";"2021MM02";"     996";"    1196";"   237.9";"   241.9"
"638";"A028180";"A007232";"2021MM03";"    1428";"    1238";"   341.1";"   250.3"
"639";"A028180";"A007232";"2021MM04";"    1303";"     891";"   311.2";"   180.3"
"640";"A028180";"A007232";"2021MM05";"     977";"     743";"   233.4";"   150.4"
"641";"A028180";"A007232";"2021MM06";"    1156";"     840";"   276.2";"   169.8"
"642";"A028180";"A007232";"2021MM07";"    1216";"     890";"   290.5";"   180.1"
"643";"A028180";"A007232";"2021MM08";"     686";"     687";"   163.8";"   138.9"
"644";"A028180";"A007232";"2021MM09";"     877";"     861";"   209.4";"   174.1"
"645";"A028180";"A007232";"2021MM10";"    1139";"     778";"   272.0";"   157.4"
"646";"A028180";"A007232";"2021MM11";"    1130";"     825";"   269.8";"   166.9"
"647";"A028180";"A007232";"2021MM12";"    1150";"     848";"   274.5";"   171.5"
"648";"A028180";"A007232";"2022MM01";"     870";"     699";"   207.8";"   141.4"
"649";"A028180";"A007232";"2022MM02";"     753";"     726";"   179.7";"   146.9"
"650";"A028180";"A007232";"2022MM03";"    1315";"     820";"   313.9";"   165.8"
"651";"A028180";"A007232";"2022MM04";"     826";"     714";"   197.4";"   144.3"
"652";"A028180";"A007232";"2022MM05";"     903";"     746";"   215.6";"   150.9"
"653";"A028180";"A007232";"2022MM06";"    1079";"     820";"   257.8";"   165.9"
"654";"A028180";"A007232";"2022MM07";"    1147";"     718";"   273.8";"   145.2"
"655";"A028180";"A007232";"2022MM08";"     612";"     532";"   146.2";"   107.7"
"656";"A028180";"A007232";"2022MM09";"    1098";"     725";"   262.2";"   146.6"
"657";"A028180";"A007232";"2022MM10";"    1174";"     628";"   280.5";"   127.0"
"658";"A028180";"A007232";"2022MM11";"     887";"     576";"   211.9";"   116.5"
"659";"A028180";"A007232";"2022MM12";"     684";"     569";"   163.3";"   115.1"
"660";"A028180";"A007237";"2012MM01";"     280";"     283";"    81.4";"    91.9"
"661";"A028180";"A007237";"2012MM02";"     270";"     319";"    78.6";"   103.6"
"662";"A028180";"A007237";"2012MM03";"     514";"     336";"   149.7";"   109.1"
"663";"A028180";"A007237";"2012MM04";"     329";"     329";"    95.9";"   106.6"
"664";"A028180";"A007237";"2012MM05";"     370";"     404";"   107.7";"   131.2"
"665";"A028180";"A007237";"2012MM06";"     445";"     362";"   129.5";"   117.5"
"666";"A028180";"A007237";"2012MM07";"     383";"     361";"   111.6";"   117.2"
"667";"A028180";"A007237";"2012MM08";"     235";"     266";"    68.4";"    86.2"
"668";"A028180";"A007237";"2012MM09";"     237";"     272";"    68.9";"    88.3"
"669";"A028180";"A007237";"2012MM10";"     320";"     275";"    93.2";"    89.4"
"670";"A028180";"A007237";"2012MM11";"     361";"     259";"   105.0";"    84.1"
"671";"A028180";"A007237";"2012MM12";"     379";"     231";"   110.2";"    74.9"
"672";"A028180";"A007237";"2013MM01";"     185";"     257";"    53.9";"    83.4"
"673";"A028180";"A007237";"2013MM02";"     302";"     250";"    88.0";"    81.2"
"674";"A028180";"A007237";"2013MM03";"     244";"     281";"    71.1";"    91.0"
"675";"A028180";"A007237";"2013MM04";"     271";"     251";"    78.9";"    81.4"
"676";"A028180";"A007237";"2013MM05";"     322";"     275";"    93.7";"    89.4"
"677";"A028180";"A007237";"2013MM06";"     266";"     271";"    77.4";"    87.9"
"678";"A028180";"A007237";"2013MM07";"     250";"     295";"    72.8";"    95.7"
"679";"A028180";"A007237";"2013MM08";"     240";"     239";"    69.8";"    77.4"
"680";"A028180";"A007237";"2013MM09";"     345";"     268";"   100.5";"    87.0"
"681";"A028180";"A007237";"2013MM10";"     290";"     248";"    84.5";"    80.5"
"682";"A028180";"A007237";"2013MM11";"     217";"     234";"    63.1";"    75.8"
"683";"A028180";"A007237";"2013MM12";"     340";"     268";"    98.9";"    86.9"
"684";"A028180";"A007237";"2014MM01";"     293";"     252";"    85.4";"    81.7"
"685";"A028180";"A007237";"2014MM02";"     286";"     274";"    83.2";"    88.9"
"686";"A028180";"A007237";"2014MM03";"     247";"     252";"    71.8";"    81.8"
"687";"A028180";"A007237";"2014MM04";"     264";"     292";"    76.8";"    94.9"
"688";"A028180";"A007237";"2014MM05";"     217";"     249";"    63.2";"    80.8"
"689";"A028180";"A007237";"2014MM06";"     256";"     261";"    74.4";"    84.7"
"690";"A028180";"A007237";"2014MM07";"     319";"     320";"    92.8";"   103.7"
"691";"A028180";"A007237";"2014MM08";"     245";"     231";"    71.2";"    75.1"
"692";"A028180";"A007237";"2014MM09";"     353";"     251";"   102.7";"    81.4"
"693";"A028180";"A007237";"2014MM10";"     210";"     241";"    61.1";"    78.3"
"694";"A028180";"A007237";"2014MM11";"     220";"     206";"    63.9";"    66.8"
"695";"A028180";"A007237";"2014MM12";"     351";"     238";"   102.2";"    77.1"
"696";"A028180";"A007237";"2015MM01";"     178";"     183";"    51.9";"    59.5"
"697";"A028180";"A007237";"2015MM02";"     273";"     224";"    79.5";"    72.8"
"698";"A028180";"A007237";"2015MM03";"     331";"     263";"    96.4";"    85.2"
"699";"A028180";"A007237";"2015MM04";"     327";"     240";"    95.3";"    77.8"
"700";"A028180";"A007237";"2015MM05";"     286";"     198";"    83.3";"    64.1"
"701";"A028180";"A007237";"2015MM06";"     248";"     270";"    72.3";"    87.6"
"702";"A028180";"A007237";"2015MM07";"     279";"     285";"    81.1";"    92.5"
"703";"A028180";"A007237";"2015MM08";"     297";"     179";"    86.4";"    58.0"
"704";"A028180";"A007237";"2015MM09";"     248";"     233";"    72.1";"    75.6"
"705";"A028180";"A007237";"2015MM10";"     226";"     193";"    65.9";"    62.6"
"706";"A028180";"A007237";"2015MM11";"     252";"     193";"    73.5";"    62.5"
"707";"A028180";"A007237";"2015MM12";"     270";"     209";"    78.5";"    67.8"
"708";"A028180";"A007237";"2016MM01";"     159";"     166";"    46.4";"    53.9"
"709";"A028180";"A007237";"2016MM02";"     230";"     218";"    66.8";"    70.8"
"710";"A028180";"A007237";"2016MM03";"     281";"     229";"    81.7";"    74.4"
"711";"A028180";"A007237";"2016MM04";"     369";"     238";"   107.4";"    77.2"
"712";"A028180";"A007237";"2016MM05";"     243";"     221";"    70.6";"    71.7"
"713";"A028180";"A007237";"2016MM06";"     280";"     255";"    81.6";"    82.7"
"714";"A028180";"A007237";"2016MM07";"     252";"     236";"    73.2";"    76.7"
"715";"A028180";"A007237";"2016MM08";"     200";"     220";"    58.2";"    71.2"
"716";"A028180";"A007237";"2016MM09";"     340";"     227";"    98.8";"    73.8"
"717";"A028180";"A007237";"2016MM10";"     225";"     212";"    65.4";"    68.7"
"718";"A028180";"A007237";"2016MM11";"     344";"     241";"   100.2";"    78.0"
"719";"A028180";"A007237";"2016MM12";"     359";"     210";"   104.4";"    68.2"
"720";"A028180";"A007237";"2017MM01";"     205";"     210";"    59.5";"    68.0"
"721";"A028180";"A007237";"2017MM02";"     451";"     280";"   131.1";"    90.7"
"722";"A028180";"A007237";"2017MM03";"     358";"     291";"   104.0";"    94.3"
"723";"A028180";"A007237";"2017MM04";"     253";"     258";"    73.5";"    83.8"
"724";"A028180";"A007237";"2017MM05";"     424";"     310";"   123.3";"   100.7"
"725";"A028180";"A007237";"2017MM06";"     233";"     283";"    67.7";"    91.7"
"726";"A028180";"A007237";"2017MM07";"     400";"     304";"   116.5";"    98.6"
"727";"A028180";"A007237";"2017MM08";"     185";"     224";"    53.7";"    72.7"
"728";"A028180";"A007237";"2017MM09";"     290";"     280";"    84.3";"    90.9"
"729";"A028180";"A007237";"2017MM10";"     361";"     285";"   105.0";"    92.5"
"730";"A028180";"A007237";"2017MM11";"     460";"     258";"   133.9";"    83.6"
"731";"A028180";"A007237";"2017MM12";"     293";"     229";"    85.3";"    74.4"
"732";"A028180";"A007237";"2018MM01";"     251";"     241";"    73.0";"    78.2"
"733";"A028180";"A007237";"2018MM02";"     321";"     270";"    93.4";"    87.6"
"734";"A028180";"A007237";"2018MM03";"     320";"     268";"    93.1";"    87.0"
"735";"A028180";"A007237";"2018MM04";"     462";"     306";"   134.3";"    99.3"
"736";"A028180";"A007237";"2018MM05";"     439";"     312";"   127.8";"   101.2"
"737";"A028180";"A007237";"2018MM06";"     368";"     308";"   107.2";"    99.8"
"738";"A028180";"A007237";"2018MM07";"     428";"     327";"   124.5";"   106.1"
"739";"A028180";"A007237";"2018MM08";"     413";"     249";"   120.1";"    80.7"
"740";"A028180";"A007237";"2018MM09";"     287";"     274";"    83.5";"    88.8"
"741";"A028180";"A007237";"2018MM10";"     411";"     329";"   119.5";"   106.6"
"742";"A028180";"A007237";"2018MM11";"     373";"     298";"   108.4";"    96.7"
"743";"A028180";"A007237";"2018MM12";"     289";"     250";"    84.1";"    81.0"
"744";"A028180";"A007237";"2019MM01";"     305";"     255";"    88.7";"    82.6"
"745";"A028180";"A007237";"2019MM02";"     372";"     279";"   108.4";"    90.4"
"746";"A028180";"A007237";"2019MM03";"     356";"     269";"   103.7";"    87.2"
"747";"A028180";"A007237";"2019MM04";"     426";"     287";"   123.8";"    93.1"
"748";"A028180";"A007237";"2019MM05";"     310";"     306";"    90.2";"    99.4"
"749";"A028180";"A007237";"2019MM06";"     352";"     277";"   102.3";"    89.9"
"750";"A028180";"A007237";"2019MM07";"     460";"     319";"   133.8";"   103.6"
"751";"A028180";"A007237";"2019MM08";"     207";"     180";"    60.2";"    58.4"
"752";"A028180";"A007237";"2019MM09";"     271";"     229";"    78.7";"    74.4"
"753";"A028180";"A007237";"2019MM10";"     361";"     260";"   105.1";"    84.3"
"754";"A028180";"A007237";"2019MM11";"     509";"     226";"   148.1";"    73.4"
"755";"A028180";"A007237";"2019MM12";"     380";"     240";"   110.5";"    78.0"
"756";"A028180";"A007237";"2020MM01";"     233";"     247";"    67.7";"    80.0"
"757";"A028180";"A007237";"2020MM02";"     344";"     238";"   100.2";"    77.3"
"758";"A028180";"A007237";"2020MM03";"     293";"     254";"    85.2";"    82.5"
"759";"A028180";"A007237";"2020MM04";"     516";"     275";"   150.1";"    89.2"
"760";"A028180";"A007237";"2020MM05";"     339";"     214";"    98.8";"    69.3"
"761";"A028180";"A007237";"2020MM06";"     406";"     280";"   118.3";"    90.9"
"762";"A028180";"A007237";"2020MM07";"     582";"     270";"   169.5";"    87.6"
"763";"A028180";"A007237";"2020MM08";"     385";"     197";"   112.0";"    63.8"
"764";"A028180";"A007237";"2020MM09";"     356";"     240";"   103.6";"    77.9"
"765";"A028180";"A007237";"2020MM10";"     335";"     250";"    97.4";"    81.0"
"766";"A028180";"A007237";"2020MM11";"     481";"     236";"   140.0";"    76.5"
"767";"A028180";"A007237";"2020MM12";"     331";"     255";"    96.4";"    82.8"
"768";"A028180";"A007237";"2021MM01";"     413";"     201";"   120.0";"    65.3"
"769";"A028180";"A007237";"2021MM02";"     386";"     239";"   112.3";"    77.7"
"770";"A028180";"A007237";"2021MM03";"     617";"     346";"   179.6";"   112.4"
"771";"A028180";"A007237";"2021MM04";"     395";"     300";"   115.1";"    97.3"
"772";"A028180";"A007237";"2021MM05";"     400";"     273";"   116.5";"    88.6"
"773";"A028180";"A007237";"2021MM06";"     312";"     304";"    90.7";"    98.5"
"774";"A028180";"A007237";"2021MM07";"     624";"     334";"   181.5";"   108.5"
"775";"A028180";"A007237";"2021MM08";"     352";"     245";"   102.4";"    79.6"
"776";"A028180";"A007237";"2021MM09";"     465";"     308";"   135.3";"   100.0"
"777";"A028180";"A007237";"2021MM10";"     388";"     296";"   113.0";"    95.9"
"778";"A028180";"A007237";"2021MM11";"     449";"     275";"   130.6";"    89.4"
"779";"A028180";"A007237";"2021MM12";"     398";"     291";"   115.9";"    94.5"
"780";"A028180";"A007237";"2022MM01";"     368";"     213";"   107.2";"    69.0"
"781";"A028180";"A007237";"2022MM02";"     338";"     256";"    98.3";"    83.1"
"782";"A028180";"A007237";"2022MM03";"     492";"     285";"   143.2";"    92.5"
"783";"A028180";"A007237";"2022MM04";"     271";"     216";"    78.8";"    70.2"
"784";"A028180";"A007237";"2022MM05";"     536";"     244";"   155.9";"    79.1"
"785";"A028180";"A007237";"2022MM06";"     484";"     275";"   140.7";"    89.1"
"786";"A028180";"A007237";"2022MM07";"     530";"     282";"   154.3";"    91.4"
"787";"A028180";"A007237";"2022MM08";"     431";"     200";"   125.3";"    64.8"
"788";"A028180";"A007237";"2022MM09";"     327";"     255";"    95.3";"    82.8"
"789";"A028180";"A007237";"2022MM10";"     619";"     242";"   180.2";"    78.5"
"790";"A028180";"A007237";"2022MM11";"     549";"     226";"   159.7";"    73.2"
"791";"A028180";"A007237";"2022MM12";"     480";"     223";"   139.7";"    72.2"
"792";"A028181";"T001032";"2012MM01";"     205";"     791";"    87.4";"   101.6"
"793";"A028181";"T001032";"2012MM02";"     169";"     739";"    71.9";"    94.9"
"794";"A028181";"T001032";"2012MM03";"     244";"     792";"   103.7";"   101.7"
"795";"A028181";"T001032";"2012MM04";"     256";"     787";"   109.1";"   101.1"
"796";"A028181";"T001032";"2012MM05";"     257";"     920";"   109.5";"   118.1"
"797";"A028181";"T001032";"2012MM06";"     274";"     835";"   116.5";"   107.2"
"798";"A028181";"T001032";"2012MM07";"     299";"     939";"   127.1";"   120.6"
"799";"A028181";"T001032";"2012MM08";"     324";"     791";"   137.9";"   101.6"
"800";"A028181";"T001032";"2012MM09";"     224";"     711";"    95.4";"    91.3"
"801";"A028181";"T001032";"2012MM10";"     189";"     742";"    80.3";"    95.3"
"802";"A028181";"T001032";"2012MM11";"     205";"     694";"    87.2";"    89.1"
"803";"A028181";"T001032";"2012MM12";"     174";"     602";"    73.8";"    77.3"
"804";"A028181";"T001032";"2013MM01";"     251";"     763";"   106.6";"    98.0"
"805";"A028181";"T001032";"2013MM02";"     206";"     734";"    87.8";"    94.3"
"806";"A028181";"T001032";"2013MM03";"     245";"     728";"   104.2";"    93.6"
"807";"A028181";"T001032";"2013MM04";"     309";"     810";"   131.6";"   104.1"
"808";"A028181";"T001032";"2013MM05";"     304";"     827";"   129.1";"   106.3"
"809";"A028181";"T001032";"2013MM06";"     332";"     759";"   141.4";"    97.5"
"810";"A028181";"T001032";"2013MM07";"     269";"     924";"   114.4";"   118.6"
"811";"A028181";"T001032";"2013MM08";"     239";"     760";"   101.6";"    97.6"
"812";"A028181";"T001032";"2013MM09";"     238";"     711";"   101.3";"    91.3"
"813";"A028181";"T001032";"2013MM10";"     220";"     780";"    93.6";"   100.1"
"814";"A028181";"T001032";"2013MM11";"     189";"     684";"    80.3";"    87.9"
"815";"A028181";"T001032";"2013MM12";"     191";"     669";"    81.3";"    85.9"
"816";"A028181";"T001032";"2014MM01";"     216";"     699";"    91.7";"    89.7"
"817";"A028181";"T001032";"2014MM02";"     249";"     722";"   106.1";"    92.7"
"818";"A028181";"T001032";"2014MM03";"     228";"     744";"    96.9";"    95.6"
"819";"A028181";"T001032";"2014MM04";"     251";"     776";"   106.9";"    99.7"
"820";"A028181";"T001032";"2014MM05";"     184";"     787";"    78.3";"   101.0"
"821";"A028181";"T001032";"2014MM06";"     272";"     830";"   115.8";"   106.6"
"822";"A028181";"T001032";"2014MM07";"     216";"     888";"    92.1";"   114.1"
"823";"A028181";"T001032";"2014MM08";"     179";"     600";"    76.3";"    77.1"
"824";"A028181";"T001032";"2014MM09";"     219";"     746";"    93.0";"    95.8"
"825";"A028181";"T001032";"2014MM10";"     400";"     789";"   170.1";"   101.4"
"826";"A028181";"T001032";"2014MM11";"     222";"     620";"    94.3";"    79.6"
"827";"A028181";"T001032";"2014MM12";"     290";"     688";"   123.2";"    88.4"
"828";"A028181";"T001032";"2015MM01";"     264";"     722";"   112.5";"    92.7"
"829";"A028181";"T001032";"2015MM02";"     285";"     717";"   121.4";"    92.1"
"830";"A028181";"T001032";"2015MM03";"     262";"     843";"   111.7";"   108.3"
"831";"A028181";"T001032";"2015MM04";"     233";"     799";"    99.0";"   102.7"
"832";"A028181";"T001032";"2015MM05";"     228";"     699";"    96.8";"    89.7"
"833";"A028181";"T001032";"2015MM06";"     213";"     847";"    90.6";"   108.8"
"834";"A028181";"T001032";"2015MM07";"     319";"     867";"   135.9";"   111.3"
"835";"A028181";"T001032";"2015MM08";"     195";"     685";"    83.1";"    88.0"
"836";"A028181";"T001032";"2015MM09";"     231";"     765";"    98.3";"    98.2"
"837";"A028181";"T001032";"2015MM10";"     265";"     717";"   112.6";"    92.0"
"838";"A028181";"T001032";"2015MM11";"     211";"     649";"    89.9";"    83.4"
"839";"A028181";"T001032";"2015MM12";"     284";"     750";"   121.0";"    96.4"
"840";"A028181";"T001032";"2016MM01";"     192";"     646";"    81.8";"    83.0"
"841";"A028181";"T001032";"2016MM02";"     272";"     805";"   115.8";"   103.3"
"842";"A028181";"T001032";"2016MM03";"     273";"     758";"   116.2";"    97.3"
"843";"A028181";"T001032";"2016MM04";"     304";"     811";"   129.5";"   104.2"
"844";"A028181";"T001032";"2016MM05";"     272";"     818";"   115.7";"   105.1"
"845";"A028181";"T001032";"2016MM06";"     324";"     908";"   138.0";"   116.6"
"846";"A028181";"T001032";"2016MM07";"     261";"     861";"   111.0";"   110.5"
"847";"A028181";"T001032";"2016MM08";"     308";"     723";"   131.1";"    92.8"
"848";"A028181";"T001032";"2016MM09";"     338";"     789";"   143.9";"   101.4"
"849";"A028181";"T001032";"2016MM10";"     198";"     687";"    84.3";"    88.2"
"850";"A028181";"T001032";"2016MM11";"     267";"     800";"   113.7";"   102.8"
"851";"A028181";"T001032";"2016MM12";"     329";"     790";"   140.1";"   101.5"
"852";"A028181";"T001032";"2017MM01";"     183";"     736";"    77.7";"    94.5"
"853";"A028181";"T001032";"2017MM02";"     300";"     811";"   127.7";"   104.2"
"854";"A028181";"T001032";"2017MM03";"     319";"     918";"   135.6";"   117.9"
"855";"A028181";"T001032";"2017MM04";"     214";"     744";"    91.1";"    95.6"
"856";"A028181";"T001032";"2017MM05";"     319";"     935";"   135.9";"   120.0"
"857";"A028181";"T001032";"2017MM06";"     290";"     949";"   123.3";"   121.9"
"858";"A028181";"T001032";"2017MM07";"     388";"    1062";"   165.0";"   136.3"
"859";"A028181";"T001032";"2017MM08";"     238";"     782";"   101.3";"   100.5"
"860";"A028181";"T001032";"2017MM09";"     267";"     846";"   113.6";"   108.7"
"861";"A028181";"T001032";"2017MM10";"     426";"     896";"   181.1";"   115.1"
"862";"A028181";"T001032";"2017MM11";"     357";"     884";"   151.7";"   113.6"
"863";"A028181";"T001032";"2017MM12";"     333";"     788";"   141.6";"   101.2"
"864";"A028181";"T001032";"2018MM01";"     267";"     833";"   113.8";"   107.0"
"865";"A028181";"T001032";"2018MM02";"     283";"     902";"   120.4";"   115.8"
"866";"A028181";"T001032";"2018MM03";"     299";"     952";"   127.1";"   122.2"
"867";"A028181";"T001032";"2018MM04";"     325";"     911";"   138.2";"   117.0"
"868";"A028181";"T001032";"2018MM05";"     247";"     906";"   105.1";"   116.3"
"869";"A028181";"T001032";"2018MM06";"     337";"    1005";"   143.2";"   129.1"
"870";"A028181";"T001032";"2018MM07";"     355";"    1065";"   150.9";"   136.8"
"871";"A028181";"T001032";"2018MM08";"     274";"     853";"   116.4";"   109.6"
"872";"A028181";"T001032";"2018MM09";"     305";"     807";"   129.9";"   103.7"
"873";"A028181";"T001032";"2018MM10";"     354";"     927";"   150.7";"   119.0"
"874";"A028181";"T001032";"2018MM11";"     275";"     905";"   117.2";"   116.2"
"875";"A028181";"T001032";"2018MM12";"     302";"     805";"   128.6";"   103.4"
"876";"A028181";"T001032";"2019MM01";"     330";"     876";"   140.6";"   112.5"
"877";"A028181";"T001032";"2019MM02";"     287";"     813";"   122.2";"   104.4"
"878";"A028181";"T001032";"2019MM03";"     305";"     885";"   129.6";"   113.7"
"879";"A028181";"T001032";"2019MM04";"     267";"     918";"   113.5";"   117.9"
"880";"A028181";"T001032";"2019MM05";"     313";"    1008";"   133.3";"   129.5"
"881";"A028181";"T001032";"2019MM06";"     251";"     942";"   107.0";"   121.0"
"882";"A028181";"T001032";"2019MM07";"     518";"    1178";"   220.3";"   151.2"
"883";"A028181";"T001032";"2019MM08";"     228";"     697";"    97.0";"    89.5"
"884";"A028181";"T001032";"2019MM09";"     249";"     837";"   105.8";"   107.5"
"885";"A028181";"T001032";"2019MM10";"     368";"     890";"   156.7";"   114.3"
"886";"A028181";"T001032";"2019MM11";"     344";"     798";"   146.2";"   102.5"
"887";"A028181";"T001032";"2019MM12";"     443";"     844";"   188.7";"   108.4"
"888";"A028181";"T001032";"2020MM01";"     323";"     835";"   137.4";"   107.2"
"889";"A028181";"T001032";"2020MM02";"     345";"     883";"   146.7";"   113.5"
"890";"A028181";"T001032";"2020MM03";"     422";"    1091";"   179.7";"   140.2"
"891";"A028181";"T001032";"2020MM04";"     381";"     945";"   162.2";"   121.4"
"892";"A028181";"T001032";"2020MM05";"     381";"    1018";"   162.3";"   130.7"
"893";"A028181";"T001032";"2020MM06";"     269";"    1019";"   114.6";"   130.9"
"894";"A028181";"T001032";"2020MM07";"     360";"    1079";"   153.3";"   138.6"
"895";"A028181";"T001032";"2020MM08";"     247";"     725";"   104.9";"    93.1"
"896";"A028181";"T001032";"2020MM09";"     325";"    1027";"   138.1";"   131.9"
"897";"A028181";"T001032";"2020MM10";"     404";"     955";"   172.0";"   122.6"
"898";"A028181";"T001032";"2020MM11";"     355";"     979";"   151.0";"   125.7"
"899";"A028181";"T001032";"2020MM12";"     350";"    1088";"   148.7";"   139.7"
"900";"A028181";"T001032";"2021MM01";"     264";"    1015";"   112.5";"   130.3"
"901";"A028181";"T001032";"2021MM02";"     332";"    1057";"   141.4";"   135.8"
"902";"A028181";"T001032";"2021MM03";"     418";"    1288";"   177.9";"   165.4"
"903";"A028181";"T001032";"2021MM04";"     325";"    1111";"   138.1";"   142.7"
"904";"A028181";"T001032";"2021MM05";"     385";"    1131";"   163.9";"   145.2"
"905";"A028181";"T001032";"2021MM06";"     368";"    1311";"   156.7";"   168.4"
"906";"A028181";"T001032";"2021MM07";"     500";"    1353";"   212.6";"   173.8"
"907";"A028181";"T001032";"2021MM08";"     246";"     974";"   104.6";"   125.1"
"908";"A028181";"T001032";"2021MM09";"     520";"    1141";"   221.2";"   146.6"
"909";"A028181";"T001032";"2021MM10";"     352";"    1100";"   149.6";"   141.3"
"910";"A028181";"T001032";"2021MM11";"     410";"    1125";"   174.4";"   144.5"
"911";"A028181";"T001032";"2021MM12";"     459";"    1178";"   195.2";"   151.3"
"912";"A028181";"T001032";"2022MM01";"     281";"    1011";"   119.4";"   129.9"
"913";"A028181";"T001032";"2022MM02";"     358";"    1143";"   152.5";"   146.7"
"914";"A028181";"T001032";"2022MM03";"     514";"    1320";"   218.5";"   169.5"
"915";"A028181";"T001032";"2022MM04";"     387";"    1198";"   164.6";"   153.8"
"916";"A028181";"T001032";"2022MM05";"     455";"    1161";"   193.4";"   149.1"
"917";"A028181";"T001032";"2022MM06";"     598";"    1362";"   254.5";"   174.9"
"918";"A028181";"T001032";"2022MM07";"     467";"    1354";"   198.8";"   173.9"
"919";"A028181";"T001032";"2022MM08";"     343";"     990";"   146.0";"   127.2"
"920";"A028181";"T001032";"2022MM09";"     432";"    1018";"   183.6";"   130.7"
"921";"A028181";"T001032";"2022MM10";"     324";"    1033";"   137.9";"   132.6"
"922";"A028181";"T001032";"2022MM11";"     360";"     998";"   153.0";"   128.1"
"923";"A028181";"T001032";"2022MM12";"     292";"     959";"   124.2";"   123.2"
"924";"A028181";"A007232";"2012MM01";"      69";"     386";"    93.0";"    99.9"
"925";"A028181";"A007232";"2012MM02";"      63";"     381";"    85.1";"    98.5"
"926";"A028181";"A007232";"2012MM03";"      71";"     408";"    95.3";"   105.6"
"927";"A028181";"A007232";"2012MM04";"      77";"     394";"   104.2";"   101.8"
"928";"A028181";"A007232";"2012MM05";"      95";"     458";"   127.6";"   118.5"
"929";"A028181";"A007232";"2012MM06";"      92";"     413";"   124.5";"   106.8"
"930";"A028181";"A007232";"2012MM07";"      77";"     460";"   103.6";"   118.8"
"931";"A028181";"A007232";"2012MM08";"      98";"     386";"   131.7";"    99.9"
"932";"A028181";"A007232";"2012MM09";"      48";"     337";"    65.0";"    87.0"
"933";"A028181";"A007232";"2012MM10";"      62";"     363";"    83.2";"    93.9"
"934";"A028181";"A007232";"2012MM11";"      80";"     364";"   108.3";"    94.2"
"935";"A028181";"A007232";"2012MM12";"      58";"     290";"    78.6";"    75.0"
"936";"A028181";"A007232";"2013MM01";"      84";"     392";"   113.6";"   101.4"
"937";"A028181";"A007232";"2013MM02";"      70";"     387";"    93.8";"   100.2"
"938";"A028181";"A007232";"2013MM03";"      57";"     347";"    77.4";"    89.8"
"939";"A028181";"A007232";"2013MM04";"      88";"     393";"   118.8";"   101.6"
"940";"A028181";"A007232";"2013MM05";"     104";"     417";"   139.6";"   107.8"
"941";"A028181";"A007232";"2013MM06";"      55";"     346";"    73.5";"    89.4"
"942";"A028181";"A007232";"2013MM07";"      88";"     478";"   119.1";"   123.7"
"943";"A028181";"A007232";"2013MM08";"      76";"     374";"   102.4";"    96.7"
"944";"A028181";"A007232";"2013MM09";"      71";"     361";"    96.1";"    93.2"
"945";"A028181";"A007232";"2013MM10";"      87";"     430";"   117.3";"   111.2"
"946";"A028181";"A007232";"2013MM11";"      76";"     376";"   101.9";"    97.1"
"947";"A028181";"A007232";"2013MM12";"      59";"     343";"    80.1";"    88.8"
"948";"A028181";"A007232";"2014MM01";"      71";"     349";"    96.3";"    90.2"
"949";"A028181";"A007232";"2014MM02";"      84";"     384";"   112.7";"    99.4"
"950";"A028181";"A007232";"2014MM03";"      99";"     382";"   134.2";"    98.7"
"951";"A028181";"A007232";"2014MM04";"      61";"     372";"    82.6";"    96.3"
"952";"A028181";"A007232";"2014MM05";"      63";"     390";"    85.5";"   100.9"
"953";"A028181";"A007232";"2014MM06";"     126";"     424";"   169.4";"   109.6"
"954";"A028181";"A007232";"2014MM07";"      85";"     476";"   114.9";"   123.2"
"955";"A028181";"A007232";"2014MM08";"      80";"     331";"   107.4";"    85.5"
"956";"A028181";"A007232";"2014MM09";"      67";"     412";"    90.8";"   106.6"
"957";"A028181";"A007232";"2014MM10";"      98";"     425";"   131.8";"   110.0"
"958";"A028181";"A007232";"2014MM11";"     105";"     339";"   141.1";"    87.5"
"959";"A028181";"A007232";"2014MM12";"     106";"     361";"   142.9";"    93.2"
"960";"A028181";"A007232";"2015MM01";"      68";"     396";"    92.2";"   102.3"
"961";"A028181";"A007232";"2015MM02";"      75";"     388";"   101.0";"   100.3"
"962";"A028181";"A007232";"2015MM03";"     135";"     502";"   181.9";"   129.9"
"963";"A028181";"A007232";"2015MM04";"      90";"     442";"   121.7";"   114.2"
"964";"A028181";"A007232";"2015MM05";"      94";"     380";"   126.3";"    98.2"
"965";"A028181";"A007232";"2015MM06";"     100";"     468";"   134.4";"   121.1"
"966";"A028181";"A007232";"2015MM07";"     147";"     448";"   197.8";"   115.9"
"967";"A028181";"A007232";"2015MM08";"      65";"     349";"    87.4";"    90.3"
"968";"A028181";"A007232";"2015MM09";"      96";"     414";"   129.7";"   107.0"
"969";"A028181";"A007232";"2015MM10";"     101";"     391";"   136.8";"   101.2"
"970";"A028181";"A007232";"2015MM11";"      93";"     357";"   125.4";"    92.4"
"971";"A028181";"A007232";"2015MM12";"     128";"     409";"   172.5";"   105.9"
"972";"A028181";"A007232";"2016MM01";"      87";"     366";"   117.5";"    94.7"
"973";"A028181";"A007232";"2016MM02";"     117";"     473";"   158.2";"   122.3"
"974";"A028181";"A007232";"2016MM03";"     124";"     426";"   167.4";"   110.0"
"975";"A028181";"A007232";"2016MM04";"     105";"     461";"   142.2";"   119.1"
"976";"A028181";"A007232";"2016MM05";"     128";"     456";"   173.2";"   118.0"
"977";"A028181";"A007232";"2016MM06";"     127";"     481";"   171.2";"   124.4"
"978";"A028181";"A007232";"2016MM07";"     119";"     490";"   160.4";"   126.8"
"979";"A028181";"A007232";"2016MM08";"     166";"     418";"   224.3";"   108.1"
"980";"A028181";"A007232";"2016MM09";"     136";"     452";"   183.8";"   116.9"
"981";"A028181";"A007232";"2016MM10";"      77";"     361";"   104.1";"    93.3"
"982";"A028181";"A007232";"2016MM11";"      99";"     465";"   132.9";"   120.1"
"983";"A028181";"A007232";"2016MM12";"     182";"     471";"   244.9";"   121.9"
"984";"A028181";"A007232";"2017MM01";"      75";"     461";"   101.3";"   119.1"
"985";"A028181";"A007232";"2017MM02";"     163";"     468";"   220.0";"   121.1"
"986";"A028181";"A007232";"2017MM03";"     164";"     528";"   221.4";"   136.6"
"987";"A028181";"A007232";"2017MM04";"     112";"     453";"   151.1";"   117.3"
"988";"A028181";"A007232";"2017MM05";"     130";"     572";"   175.2";"   147.9"
"989";"A028181";"A007232";"2017MM06";"     123";"     556";"   166.5";"   143.8"
"990";"A028181";"A007232";"2017MM07";"     174";"     641";"   235.3";"   165.7"
"991";"A028181";"A007232";"2017MM08";"     110";"     503";"   148.6";"   130.0"
"992";"A028181";"A007232";"2017MM09";"     140";"     539";"   188.4";"   139.3"
"993";"A028181";"A007232";"2017MM10";"     215";"     547";"   290.0";"   141.6"
"994";"A028181";"A007232";"2017MM11";"     148";"     543";"   199.8";"   140.3"
"995";"A028181";"A007232";"2017MM12";"     146";"     487";"   196.3";"   125.9"
"996";"A028181";"A007232";"2018MM01";"     119";"     525";"   160.4";"   135.6"
"997";"A028181";"A007232";"2018MM02";"     114";"     518";"   153.3";"   133.9"
"998";"A028181";"A007232";"2018MM03";"     168";"     579";"   226.2";"   149.6"
"999";"A028181";"A007232";"2018MM04";"     128";"     575";"   173.0";"   148.6"
"1000";"A028181";"A007232";"2018MM05";"     101";"     565";"   136.5";"   146.1"
"1001";"A028181";"A007232";"2018MM06";"     163";"     630";"   219.8";"   162.9"
"1002";"A028181";"A007232";"2018MM07";"     174";"     665";"   234.5";"   171.9"
"1003";"A028181";"A007232";"2018MM08";"     158";"     548";"   213.2";"   141.7"
"1004";"A028181";"A007232";"2018MM09";"     106";"     477";"   142.3";"   123.4"
"1005";"A028181";"A007232";"2018MM10";"     158";"     583";"   212.8";"   150.7"
"1006";"A028181";"A007232";"2018MM11";"     140";"     580";"   189.1";"   149.9"
"1007";"A028181";"A007232";"2018MM12";"     123";"     503";"   166.0";"   130.0"
"1008";"A028181";"A007232";"2019MM01";"     159";"     533";"   214.8";"   137.8"
"1009";"A028181";"A007232";"2019MM02";"     128";"     498";"   172.0";"   128.8"
"1010";"A028181";"A007232";"2019MM03";"     145";"     573";"   195.4";"   148.2"
"1011";"A028181";"A007232";"2019MM04";"     104";"     572";"   140.7";"   147.8"
"1012";"A028181";"A007232";"2019MM05";"     152";"     631";"   205.3";"   163.1"
"1013";"A028181";"A007232";"2019MM06";"     110";"     604";"   147.9";"   156.1"
"1014";"A028181";"A007232";"2019MM07";"     270";"     716";"   363.7";"   185.0"
"1015";"A028181";"A007232";"2019MM08";"     127";"     445";"   171.9";"   115.1"
"1016";"A028181";"A007232";"2019MM09";"     127";"     546";"   171.4";"   141.3"
"1017";"A028181";"A007232";"2019MM10";"     198";"     577";"   266.9";"   149.3"
"1018";"A028181";"A007232";"2019MM11";"     190";"     503";"   256.6";"   130.1"
"1019";"A028181";"A007232";"2019MM12";"     123";"     534";"   165.9";"   138.2"
"1020";"A028181";"A007232";"2020MM01";"     185";"     575";"   249.0";"   148.6"
"1021";"A028181";"A007232";"2020MM02";"     142";"     578";"   190.9";"   149.5"
"1022";"A028181";"A007232";"2020MM03";"     206";"     733";"   278.4";"   189.5"
"1023";"A028181";"A007232";"2020MM04";"     161";"     641";"   216.9";"   165.6"
"1024";"A028181";"A007232";"2020MM05";"     223";"     708";"   300.5";"   183.1"
"1025";"A028181";"A007232";"2020MM06";"     164";"     752";"   221.6";"   194.5"
"1026";"A028181";"A007232";"2020MM07";"     157";"     762";"   211.2";"   197.0"
"1027";"A028181";"A007232";"2020MM08";"     125";"     495";"   168.9";"   127.9"
"1028";"A028181";"A007232";"2020MM09";"     163";"     734";"   220.1";"   189.7"
"1029";"A028181";"A007232";"2020MM10";"     135";"     647";"   182.5";"   167.2"
"1030";"A028181";"A007232";"2020MM11";"     139";"     650";"   187.2";"   168.0"
"1031";"A028181";"A007232";"2020MM12";"     205";"     770";"   276.5";"   199.2"
"1032";"A028181";"A007232";"2021MM01";"     151";"     715";"   203.1";"   185.0"
"1033";"A028181";"A007232";"2021MM02";"     158";"     751";"   213.4";"   194.1"
"1034";"A028181";"A007232";"2021MM03";"     215";"     888";"   290.3";"   229.6"
"1035";"A028181";"A007232";"2021MM04";"     179";"     809";"   241.1";"   209.1"
"1036";"A028181";"A007232";"2021MM05";"     175";"     808";"   235.6";"   209.0"
"1037";"A028181";"A007232";"2021MM06";"     178";"     922";"   240.1";"   238.5"
"1038";"A028181";"A007232";"2021MM07";"     226";"     996";"   304.7";"   257.5"
"1039";"A028181";"A007232";"2021MM08";"     133";"     705";"   179.3";"   182.2"
"1040";"A028181";"A007232";"2021MM09";"     366";"     809";"   493.3";"   209.3"
"1041";"A028181";"A007232";"2021MM10";"     174";"     746";"   234.7";"   192.9"
"1042";"A028181";"A007232";"2021MM11";"     203";"     791";"   273.4";"   204.5"
"1043";"A028181";"A007232";"2021MM12";"     198";"     856";"   266.9";"   221.4"
"1044";"A028181";"A007232";"2022MM01";"     134";"     725";"   181.2";"   187.5"
"1045";"A028181";"A007232";"2022MM02";"     221";"     834";"   298.2";"   215.6"
"1046";"A028181";"A007232";"2022MM03";"     273";"     950";"   368.0";"   245.5"
"1047";"A028181";"A007232";"2022MM04";"     187";"     885";"   252.6";"   228.8"
"1048";"A028181";"A007232";"2022MM05";"     168";"     845";"   226.6";"   218.4"
"1049";"A028181";"A007232";"2022MM06";"     247";"    1008";"   333.3";"   260.7"
"1050";"A028181";"A007232";"2022MM07";"     255";"    1000";"   344.5";"   258.6"
"1051";"A028181";"A007232";"2022MM08";"     222";"     744";"   298.8";"   192.5"
"1052";"A028181";"A007232";"2022MM09";"     244";"     746";"   328.6";"   192.9"
"1053";"A028181";"A007232";"2022MM10";"     200";"     767";"   270.0";"   198.4"
"1054";"A028181";"A007232";"2022MM11";"     170";"     763";"   229.8";"   197.2"
"1055";"A028181";"A007232";"2022MM12";"     160";"     730";"   216.0";"   188.6"
"1056";"A028181";"A007237";"2012MM01";"     136";"     405";"    84.8";"   103.3"
"1057";"A028181";"A007237";"2012MM02";"     106";"     358";"    65.8";"    91.4"
"1058";"A028181";"A007237";"2012MM03";"     173";"     384";"   107.5";"    97.9"
"1059";"A028181";"A007237";"2012MM04";"     179";"     393";"   111.4";"   100.3"
"1060";"A028181";"A007237";"2012MM05";"     163";"     461";"   101.2";"   117.8"
"1061";"A028181";"A007237";"2012MM06";"     182";"     422";"   112.8";"   107.7"
"1062";"A028181";"A007237";"2012MM07";"     222";"     479";"   138.0";"   122.3"
"1063";"A028181";"A007237";"2012MM08";"     226";"     404";"   140.7";"   103.2"
"1064";"A028181";"A007237";"2012MM09";"     176";"     374";"   109.4";"    95.6"
"1065";"A028181";"A007237";"2012MM10";"     127";"     379";"    79.0";"    96.7"
"1066";"A028181";"A007237";"2012MM11";"     125";"     330";"    77.6";"    84.2"
"1067";"A028181";"A007237";"2012MM12";"     115";"     312";"    71.6";"    79.5"
"1068";"A028181";"A007237";"2013MM01";"     166";"     371";"   103.4";"    94.7"
"1069";"A028181";"A007237";"2013MM02";"     137";"     347";"    85.0";"    88.6"
"1070";"A028181";"A007237";"2013MM03";"     187";"     381";"   116.5";"    97.3"
"1071";"A028181";"A007237";"2013MM04";"     221";"     418";"   137.4";"   106.6"
"1072";"A028181";"A007237";"2013MM05";"     200";"     411";"   124.3";"   104.8"
"1073";"A028181";"A007237";"2013MM06";"     278";"     414";"   172.6";"   105.6"
"1074";"A028181";"A007237";"2013MM07";"     180";"     445";"   112.2";"   113.6"
"1075";"A028181";"A007237";"2013MM08";"     163";"     386";"   101.3";"    98.4"
"1076";"A028181";"A007237";"2013MM09";"     167";"     350";"   103.7";"    89.4"
"1077";"A028181";"A007237";"2013MM10";"     133";"     350";"    82.6";"    89.2"
"1078";"A028181";"A007237";"2013MM11";"     113";"     309";"    70.3";"    78.8"
"1079";"A028181";"A007237";"2013MM12";"     132";"     325";"    81.8";"    83.0"
"1080";"A028181";"A007237";"2014MM01";"     144";"     350";"    89.6";"    89.2"
"1081";"A028181";"A007237";"2014MM02";"     166";"     337";"   103.1";"    86.1"
"1082";"A028181";"A007237";"2014MM03";"     128";"     362";"    79.8";"    92.4"
"1083";"A028181";"A007237";"2014MM04";"     190";"     404";"   118.0";"   103.1"
"1084";"A028181";"A007237";"2014MM05";"     121";"     396";"    75.0";"   101.1"
"1085";"A028181";"A007237";"2014MM06";"     147";"     406";"    91.1";"   103.5"
"1086";"A028181";"A007237";"2014MM07";"     131";"     412";"    81.5";"   105.2"
"1087";"A028181";"A007237";"2014MM08";"     100";"     269";"    61.9";"    68.8"
"1088";"A028181";"A007237";"2014MM09";"     151";"     333";"    94.0";"    85.1"
"1089";"A028181";"A007237";"2014MM10";"     302";"     364";"   187.7";"    92.9"
"1090";"A028181";"A007237";"2014MM11";"     117";"     281";"    72.8";"    71.8"
"1091";"A028181";"A007237";"2014MM12";"     184";"     327";"   114.1";"    83.6"
"1092";"A028181";"A007237";"2015MM01";"     196";"     326";"   121.9";"    83.3"
"1093";"A028181";"A007237";"2015MM02";"     211";"     329";"   130.8";"    84.0"
"1094";"A028181";"A007237";"2015MM03";"     128";"     341";"    79.3";"    86.9"
"1095";"A028181";"A007237";"2015MM04";"     142";"     358";"    88.5";"    91.3"
"1096";"A028181";"A007237";"2015MM05";"     134";"     319";"    83.3";"    81.3"
"1097";"A028181";"A007237";"2015MM06";"     113";"     379";"    70.5";"    96.6"
"1098";"A028181";"A007237";"2015MM07";"     173";"     419";"   107.4";"   106.9"
"1099";"A028181";"A007237";"2015MM08";"     131";"     336";"    81.2";"    85.6"
"1100";"A028181";"A007237";"2015MM09";"     135";"     351";"    83.9";"    89.6"
"1101";"A028181";"A007237";"2015MM10";"     163";"     325";"   101.5";"    83.0"
"1102";"A028181";"A007237";"2015MM11";"     118";"     292";"    73.6";"    74.5"
"1103";"A028181";"A007237";"2015MM12";"     156";"     341";"    97.3";"    87.0"
"1104";"A028181";"A007237";"2016MM01";"     105";"     280";"    65.3";"    71.4"
"1105";"A028181";"A007237";"2016MM02";"     155";"     332";"    96.3";"    84.6"
"1106";"A028181";"A007237";"2016MM03";"     149";"     332";"    92.5";"    84.7"
"1107";"A028181";"A007237";"2016MM04";"     199";"     350";"   123.7";"    89.4"
"1108";"A028181";"A007237";"2016MM05";"     144";"     362";"    89.3";"    92.4"
"1109";"A028181";"A007237";"2016MM06";"     197";"     427";"   122.7";"   108.9"
"1110";"A028181";"A007237";"2016MM07";"     142";"     370";"    88.3";"    94.5"
"1111";"A028181";"A007237";"2016MM08";"     142";"     305";"    88.2";"    77.7"
"1112";"A028181";"A007237";"2016MM09";"     202";"     337";"   125.5";"    86.1"
"1113";"A028181";"A007237";"2016MM10";"     121";"     326";"    75.2";"    83.3"
"1114";"A028181";"A007237";"2016MM11";"     169";"     336";"   104.9";"    85.7"
"1115";"A028181";"A007237";"2016MM12";"     148";"     319";"    91.8";"    81.4"
"1116";"A028181";"A007237";"2017MM01";"     108";"     275";"    66.9";"    70.3"
"1117";"A028181";"A007237";"2017MM02";"     137";"     343";"    85.2";"    87.5"
"1118";"A028181";"A007237";"2017MM03";"     155";"     390";"    96.1";"    99.4"
"1119";"A028181";"A007237";"2017MM04";"     102";"     290";"    63.4";"    74.1"
"1120";"A028181";"A007237";"2017MM05";"     189";"     362";"   117.8";"    92.5"
"1121";"A028181";"A007237";"2017MM06";"     166";"     393";"   103.4";"   100.2"
"1122";"A028181";"A007237";"2017MM07";"     213";"     421";"   132.6";"   107.4"
"1123";"A028181";"A007237";"2017MM08";"     128";"     280";"    79.5";"    71.4"
"1124";"A028181";"A007237";"2017MM09";"     127";"     307";"    79.1";"    78.4"
"1125";"A028181";"A007237";"2017MM10";"     211";"     349";"   130.9";"    89.0"
"1126";"A028181";"A007237";"2017MM11";"     208";"     342";"   129.6";"    87.2"
"1127";"A028181";"A007237";"2017MM12";"     187";"     301";"   116.4";"    76.9"
"1128";"A028181";"A007237";"2018MM01";"     148";"     308";"    92.3";"    78.7"
"1129";"A028181";"A007237";"2018MM02";"     169";"     384";"   105.2";"    98.0"
"1130";"A028181";"A007237";"2018MM03";"     131";"     373";"    81.4";"    95.2"
"1131";"A028181";"A007237";"2018MM04";"     196";"     336";"   122.1";"    85.8"
"1132";"A028181";"A007237";"2018MM05";"     146";"     341";"    90.6";"    86.9"
"1133";"A028181";"A007237";"2018MM06";"     174";"     375";"   107.9";"    95.8"
"1134";"A028181";"A007237";"2018MM07";"     181";"     400";"   112.3";"   102.1"
"1135";"A028181";"A007237";"2018MM08";"     115";"     305";"    71.8";"    77.9"
"1136";"A028181";"A007237";"2018MM09";"     200";"     330";"   124.2";"    84.2"
"1137";"A028181";"A007237";"2018MM10";"     196";"     344";"   122.1";"    87.7"
"1138";"A028181";"A007237";"2018MM11";"     135";"     325";"    84.0";"    83.0"
"1139";"A028181";"A007237";"2018MM12";"     179";"     302";"   111.3";"    77.1"
"1140";"A028181";"A007237";"2019MM01";"     171";"     343";"   106.3";"    87.5"
"1141";"A028181";"A007237";"2019MM02";"     160";"     315";"    99.3";"    80.3"
"1142";"A028181";"A007237";"2019MM03";"     160";"     312";"    99.2";"    79.6"
"1143";"A028181";"A007237";"2019MM04";"     162";"     346";"   100.9";"    88.3"
"1144";"A028181";"A007237";"2019MM05";"     161";"     378";"   100.1";"    96.4"
"1145";"A028181";"A007237";"2019MM06";"     142";"     338";"    88.1";"    86.3"
"1146";"A028181";"A007237";"2019MM07";"     248";"     462";"   154.2";"   117.9"
"1147";"A028181";"A007237";"2019MM08";"     101";"     252";"    62.5";"    64.3"
"1148";"A028181";"A007237";"2019MM09";"     122";"     291";"    75.5";"    74.2"
"1149";"A028181";"A007237";"2019MM10";"     170";"     312";"   105.9";"    79.8"
"1150";"A028181";"A007237";"2019MM11";"     153";"     295";"    95.3";"    75.2"
"1151";"A028181";"A007237";"2019MM12";"     320";"     309";"   199.2";"    79.0"
"1152";"A028181";"A007237";"2020MM01";"     138";"     260";"    85.9";"    66.3"
"1153";"A028181";"A007237";"2020MM02";"     203";"     305";"   126.3";"    77.9"
"1154";"A028181";"A007237";"2020MM03";"     216";"     358";"   134.2";"    91.5"
"1155";"A028181";"A007237";"2020MM04";"     220";"     304";"   137.0";"    77.7"
"1156";"A028181";"A007237";"2020MM05";"     159";"     310";"    98.5";"    79.0"
"1157";"A028181";"A007237";"2020MM06";"     105";"     267";"    65.3";"    68.2"
"1158";"A028181";"A007237";"2020MM07";"     204";"     318";"   126.5";"    81.1"
"1159";"A028181";"A007237";"2020MM08";"     121";"     230";"    75.4";"    58.7"
"1160";"A028181";"A007237";"2020MM09";"     161";"     293";"   100.3";"    74.8"
"1161";"A028181";"A007237";"2020MM10";"     269";"     308";"   167.2";"    78.7"
"1162";"A028181";"A007237";"2020MM11";"     216";"     329";"   134.3";"    83.9"
"1163";"A028181";"A007237";"2020MM12";"     145";"     317";"    89.9";"    81.0"
"1164";"A028181";"A007237";"2021MM01";"     114";"     299";"    70.7";"    76.3"
"1165";"A028181";"A007237";"2021MM02";"     174";"     307";"   108.3";"    78.2"
"1166";"A028181";"A007237";"2021MM03";"     203";"     400";"   126.1";"   102.1"
"1167";"A028181";"A007237";"2021MM04";"     146";"     302";"    90.6";"    77.1"
"1168";"A028181";"A007237";"2021MM05";"     210";"     322";"   130.8";"    82.3"
"1169";"A028181";"A007237";"2021MM06";"     190";"     388";"   118.2";"    99.1"
"1170";"A028181";"A007237";"2021MM07";"     274";"     357";"   170.1";"    91.2"
"1171";"A028181";"A007237";"2021MM08";"     113";"     269";"    70.2";"    68.8"
"1172";"A028181";"A007237";"2021MM09";"     154";"     332";"    95.7";"    84.7"
"1173";"A028181";"A007237";"2021MM10";"     177";"     354";"   110.3";"    90.3"
"1174";"A028181";"A007237";"2021MM11";"     207";"     334";"   128.8";"    85.3"
"1175";"A028181";"A007237";"2021MM12";"     261";"     322";"   162.1";"    82.2"
"1176";"A028181";"A007237";"2022MM01";"     146";"     286";"    91.0";"    73.1"
"1177";"A028181";"A007237";"2022MM02";"     137";"     309";"    85.4";"    78.8"
"1178";"A028181";"A007237";"2022MM03";"     241";"     370";"   149.7";"    94.5"
"1179";"A028181";"A007237";"2022MM04";"     199";"     313";"   124.0";"    79.8"
"1180";"A028181";"A007237";"2022MM05";"     287";"     316";"   178.2";"    80.7"
"1181";"A028181";"A007237";"2022MM06";"     351";"     354";"   218.2";"    90.3"
"1182";"A028181";"A007237";"2022MM07";"     212";"     354";"   131.6";"    90.3"
"1183";"A028181";"A007237";"2022MM08";"     122";"     246";"    75.6";"    62.7"
"1184";"A028181";"A007237";"2022MM09";"     188";"     271";"   116.8";"    69.3"
"1185";"A028181";"A007237";"2022MM10";"     124";"     265";"    77.0";"    67.7"
"1186";"A028181";"A007237";"2022MM11";"     189";"     235";"   117.6";"    60.0"
"1187";"A028181";"A007237";"2022MM12";"     132";"     230";"    82.0";"    58.6"
